PLAYER_NAME,BBR_PLAYER_ID,TEAM_ABBREVIATION,GP,GS,MIN,FGM,FGA,FG3M,FG3A,FTM,FTA,OREB,DREB,REB,AST,STL,BLK,TOV,PF,PTS
Luka Dončić,doncilu01,LAL,64.0,64.0,2289.0,693.0,1457.0,254.0,694.0,503.0,645.0,41.0,454.0,495.0,530.0,105.0,34.0,255.0,153.0,2143.0
Shai Gilgeous-Alexander,gilgesh01,OKC,68.0,68.0,2259.0,731.0,1321.0,115.0,298.0,540.0,614.0,38.0,254.0,292.0,448.0,95.0,52.0,151.0,139.0,2117.0
Jaylen Brown,brownja02,BOS,71.0,71.0,2443.0,736.0,1543.0,140.0,404.0,426.0,536.0,81.0,411.0,492.0,364.0,72.0,27.0,259.0,191.0,2038.0
Kevin Durant,duranke01,HOU,78.0,78.0,2840.0,716.0,1376.0,186.0,450.0,408.0,467.0,41.0,385.0,426.0,372.0,62.0,71.0,246.0,142.0,2026.0
Tyrese Maxey,maxeyty01,PHI,70.0,70.0,2661.0,694.0,1501.0,220.0,599.0,372.0,417.0,24.0,266.0,290.0,461.0,130.0,55.0,171.0,151.0,1980.0
Donovan Mitchell,mitchdo01,CLE,70.0,70.0,2342.0,678.0,1403.0,224.0,616.0,372.0,430.0,50.0,266.0,316.0,398.0,104.0,20.0,198.0,163.0,1952.0
Jalen Brunson,brunsja01,NYK,74.0,74.0,2590.0,689.0,1475.0,195.0,528.0,354.0,421.0,31.0,216.0,247.0,503.0,57.0,8.0,175.0,170.0,1927.0
Jamal Murray,murraja01,DEN,75.0,75.0,2652.0,657.0,1360.0,245.0,563.0,346.0,390.0,32.0,298.0,330.0,535.0,66.0,29.0,171.0,131.0,1905.0
Kawhi Leonard,leonaka01,LAC,65.0,65.0,2085.0,635.0,1258.0,172.0,445.0,371.0,416.0,71.0,342.0,413.0,234.0,122.0,27.0,133.0,78.0,1813.0
Nikola Jokić,jokicni01,DEN,65.0,65.0,2265.0,644.0,1132.0,112.0,295.0,399.0,480.0,192.0,644.0,836.0,697.0,92.0,53.0,243.0,173.0,1799.0
Anthony Edwards,edwaran01,MIN,61.0,60.0,2137.0,602.0,1231.0,205.0,514.0,348.0,437.0,36.0,266.0,302.0,226.0,83.0,49.0,174.0,118.0,1757.0
Devin Booker,bookede01,PHO,64.0,64.0,2146.0,546.0,1198.0,122.0,370.0,454.0,520.0,48.0,200.0,248.0,386.0,51.0,18.0,201.0,168.0,1668.0
Julius Randle,randlju01,MIN,79.0,79.0,2610.0,580.0,1207.0,109.0,346.0,398.0,496.0,132.0,400.0,532.0,398.0,86.0,18.0,217.0,223.0,1667.0
Brandon Ingram,ingrabr01,TOR,77.0,77.0,2604.0,614.0,1288.0,135.0,353.0,292.0,356.0,63.0,367.0,430.0,284.0,58.0,55.0,187.0,148.0,1655.0
James Harden,hardeja01,2TM,70.0,70.0,2438.0,487.0,1123.0,215.0,573.0,463.0,524.0,40.0,296.0,336.0,557.0,79.0,28.0,245.0,137.0,1652.0
Desmond Bane,banede01,ORL,82.0,82.0,2756.0,583.0,1205.0,167.0,427.0,314.0,346.0,98.0,240.0,338.0,338.0,86.0,37.0,164.0,252.0,1647.0
Nickeil Alexander-Walker,alexani01,ATL,78.0,71.0,2603.0,548.0,1195.0,251.0,629.0,277.0,307.0,52.0,216.0,268.0,286.0,102.0,42.0,162.0,173.0,1624.0
Jalen Johnson,johnsja05,ATL,72.0,72.0,2532.0,600.0,1228.0,120.0,341.0,301.0,382.0,101.0,639.0,740.0,566.0,89.0,31.0,244.0,151.0,1621.0
Victor Wembanyama,wembavi01,SAS,64.0,55.0,1866.0,553.0,1080.0,122.0,350.0,372.0,450.0,130.0,606.0,736.0,199.0,66.0,197.0,155.0,156.0,1600.0
Paolo Banchero,banchpa01,ORL,72.0,72.0,2502.0,529.0,1152.0,84.0,275.0,457.0,590.0,85.0,519.0,604.0,373.0,51.0,40.0,222.0,144.0,1599.0
Deni Avdija,avdijde01,POR,66.0,66.0,2199.0,492.0,1064.0,125.0,393.0,489.0,610.0,74.0,380.0,454.0,442.0,51.0,41.0,253.0,168.0,1598.0
Cade Cunningham,cunnica01,DET,64.0,64.0,2172.0,548.0,1189.0,125.0,366.0,310.0,382.0,56.0,299.0,355.0,634.0,92.0,54.0,236.0,196.0,1531.0
Karl-Anthony Towns,townska01,NYK,75.0,75.0,2322.0,517.0,1032.0,113.0,307.0,357.0,416.0,233.0,656.0,889.0,226.0,65.0,40.0,187.0,255.0,1504.0
Kon Knueppel,knuepko01,CHO,81.0,80.0,2551.0,515.0,1084.0,273.0,642.0,195.0,226.0,97.0,335.0,432.0,274.0,57.0,19.0,161.0,169.0,1498.0
Pascal Siakam,siakapa01,IND,62.0,62.0,2057.0,559.0,1155.0,105.0,293.0,262.0,378.0,89.0,322.0,411.0,236.0,69.0,25.0,138.0,147.0,1485.0
Cooper Flagg,flaggco01,DAL,70.0,70.0,2344.0,559.0,1194.0,72.0,244.0,283.0,342.0,86.0,380.0,466.0,316.0,84.0,64.0,161.0,142.0,1473.0
Bam Adebayo,adebaba01,MIA,73.0,73.0,2365.0,506.0,1145.0,127.0,400.0,329.0,423.0,149.0,583.0,732.0,232.0,86.0,49.0,120.0,122.0,1468.0
Alperen Şengün,sengual01,HOU,72.0,72.0,2398.0,583.0,1123.0,40.0,131.0,260.0,376.0,215.0,425.0,640.0,445.0,85.0,77.0,227.0,238.0,1466.0
Scottie Barnes,barnesc01,TOR,80.0,80.0,2681.0,569.0,1123.0,68.0,224.0,242.0,297.0,149.0,451.0,600.0,474.0,114.0,116.0,210.0,211.0,1448.0
LaMelo Ball,ballla01,CHO,72.0,69.0,2017.0,506.0,1244.0,272.0,740.0,161.0,179.0,65.0,282.0,347.0,514.0,87.0,17.0,202.0,195.0,1445.0
Amen Thompson,thompam01,HOU,79.0,79.0,2953.0,557.0,1044.0,25.0,116.0,304.0,390.0,235.0,379.0,614.0,420.0,119.0,48.0,190.0,175.0,1443.0
CJ McCollum,mccolcj01,2TM,76.0,60.0,2264.0,525.0,1154.0,191.0,510.0,183.0,237.0,62.0,190.0,252.0,293.0,64.0,35.0,135.0,144.0,1424.0
Trey Murphy III,murphtr02,NOP,66.0,66.0,2341.0,494.0,1050.0,214.0,565.0,218.0,246.0,63.0,314.0,377.0,250.0,99.0,24.0,120.0,138.0,1420.0
DeMar DeRozan,derozde01,SAC,77.0,77.0,2406.0,499.0,1005.0,47.0,147.0,374.0,431.0,35.0,191.0,226.0,316.0,80.0,23.0,96.0,149.0,1419.0
Jalen Duren,durenja01,DET,70.0,70.0,1976.0,522.0,803.0,0.0,0.0,321.0,430.0,265.0,472.0,737.0,138.0,57.0,59.0,130.0,195.0,1365.0
Payton Pritchard,pritcpa01,BOS,79.0,50.0,2556.0,506.0,1091.0,212.0,562.0,121.0,136.0,69.0,243.0,312.0,408.0,58.0,10.0,109.0,118.0,1345.0
De'Aaron Fox,foxde01,SAS,72.0,72.0,2231.0,509.0,1047.0,131.0,395.0,187.0,246.0,42.0,228.0,270.0,445.0,89.0,19.0,164.0,162.0,1336.0
Miles Bridges,bridgmi02,CHO,77.0,77.0,2387.0,479.0,1042.0,148.0,445.0,208.0,253.0,75.0,375.0,450.0,246.0,46.0,34.0,107.0,131.0,1314.0
Brandon Miller,millebr02,CHO,65.0,65.0,1968.0,454.0,1044.0,204.0,533.0,199.0,223.0,70.0,249.0,319.0,217.0,66.0,44.0,163.0,180.0,1311.0
Zion Williamson,willizi01,NOP,62.0,55.0,1841.0,484.0,807.0,1.0,4.0,333.0,465.0,125.0,228.0,353.0,199.0,60.0,34.0,126.0,141.0,1302.0
Ryan Rollins,rolliry01,MIL,74.0,67.0,2376.0,486.0,1030.0,184.0,453.0,125.0,157.0,54.0,284.0,338.0,414.0,110.0,31.0,201.0,193.0,1281.0
Keyonte George,georgke01,UTA,54.0,54.0,1786.0,402.0,881.0,134.0,361.0,337.0,378.0,23.0,176.0,199.0,332.0,58.0,14.0,166.0,120.0,1275.0
Saddiq Bey,beysa01,NOP,72.0,64.0,2246.0,436.0,967.0,151.0,412.0,248.0,295.0,121.0,279.0,400.0,182.0,68.0,7.0,68.0,95.0,1271.0
Derrick White,whitede01,BOS,77.0,77.0,2625.0,437.0,1108.0,209.0,640.0,184.0,204.0,86.0,253.0,339.0,414.0,88.0,98.0,134.0,119.0,1267.0
Norman Powell,powelno01,MIA,58.0,52.0,1717.0,421.0,895.0,156.0,410.0,263.0,318.0,22.0,181.0,203.0,143.0,64.0,14.0,111.0,127.0,1261.0
Michael Porter Jr.,portemi01,BRK,52.0,52.0,1689.0,444.0,958.0,176.0,485.0,195.0,227.0,69.0,298.0,367.0,158.0,55.0,13.0,122.0,116.0,1259.0
LeBron James,jamesle01,LAL,60.0,60.0,1989.0,473.0,919.0,77.0,243.0,233.0,316.0,43.0,321.0,364.0,432.0,72.0,35.0,179.0,81.0,1256.0
Matas Buzelis,buzelma01,CHI,77.0,77.0,2248.0,446.0,963.0,173.0,495.0,187.0,238.0,77.0,371.0,448.0,158.0,55.0,116.0,159.0,177.0,1252.0
Jabari Smith Jr.,smithja05,HOU,77.0,77.0,2705.0,438.0,974.0,177.0,488.0,162.0,209.0,108.0,421.0,529.0,143.0,56.0,71.0,105.0,192.0,1215.0
VJ Edgecombe,edgecvj01,PHI,75.0,75.0,2623.0,451.0,1030.0,149.0,421.0,148.0,181.0,122.0,301.0,423.0,315.0,107.0,39.0,137.0,214.0,1199.0
Austin Reaves,reaveau01,LAL,51.0,45.0,1762.0,373.0,762.0,118.0,328.0,323.0,371.0,33.0,207.0,240.0,280.0,56.0,20.0,151.0,110.0,1187.0
Mikal Bridges,bridgmi01,NYK,82.0,82.0,2692.0,472.0,963.0,156.0,420.0,81.0,98.0,79.0,233.0,312.0,304.0,107.0,62.0,83.0,160.0,1181.0
Chet Holmgren,holmgch01,OKC,69.0,69.0,1997.0,434.0,779.0,88.0,243.0,225.0,284.0,130.0,485.0,615.0,115.0,43.0,131.0,107.0,158.0,1181.0
Evan Mobley,mobleev01,CLE,65.0,63.0,2074.0,469.0,859.0,62.0,209.0,180.0,297.0,156.0,430.0,586.0,234.0,48.0,113.0,122.0,159.0,1180.0
Jeremiah Fears,fearsje01,NOP,82.0,49.0,2112.0,437.0,1006.0,101.0,306.0,194.0,246.0,60.0,240.0,300.0,279.0,97.0,30.0,178.0,151.0,1169.0
Jaime Jaquez Jr.,jaqueja01,MIA,75.0,1.0,2121.0,464.0,915.0,58.0,183.0,166.0,216.0,96.0,279.0,375.0,352.0,51.0,21.0,152.0,137.0,1152.0
Immanuel Quickley,quickim01,TOR,70.0,70.0,2231.0,401.0,905.0,178.0,476.0,170.0,207.0,38.0,244.0,282.0,415.0,92.0,5.0,102.0,141.0,1150.0
Stephen Curry,curryst01,GSW,43.0,41.0,1329.0,374.0,799.0,190.0,484.0,204.0,221.0,17.0,137.0,154.0,203.0,49.0,17.0,121.0,75.0,1142.0
Brandin Podziemski,podzibr01,GSW,82.0,43.0,2333.0,394.0,866.0,153.0,412.0,192.0,241.0,72.0,347.0,419.0,304.0,88.0,15.0,131.0,136.0,1133.0
Stephon Castle,castlst01,SAS,68.0,67.0,2038.0,385.0,817.0,81.0,244.0,282.0,384.0,98.0,264.0,362.0,502.0,78.0,19.0,217.0,222.0,1133.0
Dillon Brooks,brookdi01,PHO,56.0,56.0,1702.0,417.0,959.0,127.0,369.0,170.0,202.0,43.0,160.0,203.0,99.0,57.0,9.0,98.0,183.0,1131.0
Naji Marshall,marshna01,DAL,74.0,47.0,2184.0,419.0,821.0,62.0,213.0,228.0,300.0,65.0,283.0,348.0,241.0,82.0,6.0,119.0,143.0,1128.0
Onyeka Okongwu,okongon01,ATL,74.0,63.0,2297.0,413.0,860.0,144.0,383.0,153.0,202.0,140.0,422.0,562.0,231.0,82.0,79.0,127.0,243.0,1123.0
Lauri Markkanen,markkla01,UTA,42.0,42.0,1443.0,384.0,805.0,115.0,324.0,240.0,268.0,84.0,205.0,289.0,89.0,42.0,21.0,63.0,77.0,1123.0
OG Anunoby,anunoog01,NYK,67.0,67.0,2224.0,389.0,804.0,157.0,407.0,183.0,221.0,85.0,266.0,351.0,145.0,104.0,48.0,123.0,164.0,1118.0
James Harden,hardeja01,LAC,44.0,44.0,1559.0,323.0,771.0,135.0,389.0,337.0,374.0,27.0,185.0,212.0,358.0,57.0,16.0,162.0,83.0,1118.0
Brice Sensabaugh,sensabr01,UTA,75.0,22.0,1762.0,394.0,857.0,162.0,442.0,166.0,201.0,56.0,175.0,231.0,143.0,54.0,12.0,124.0,143.0,1116.0
Reed Sheppard,sheppre01,HOU,82.0,21.0,2147.0,407.0,946.0,227.0,576.0,69.0,86.0,28.0,210.0,238.0,277.0,122.0,54.0,123.0,166.0,1110.0
Toumani Camara,camarto01,POR,82.0,82.0,2731.0,392.0,891.0,219.0,592.0,97.0,137.0,129.0,292.0,421.0,201.0,94.0,35.0,144.0,237.0,1100.0
RJ Barrett,barrerj01,TOR,57.0,57.0,1726.0,401.0,816.0,96.0,283.0,200.0,279.0,55.0,245.0,300.0,189.0,42.0,19.0,99.0,147.0,1098.0
Jaden McDaniels,mcdanja02,MIN,73.0,73.0,2316.0,417.0,809.0,103.0,250.0,147.0,176.0,76.0,234.0,310.0,199.0,81.0,73.0,131.0,244.0,1084.0
Keldon Johnson,johnske04,SAS,82.0,0.0,1911.0,414.0,797.0,99.0,273.0,154.0,194.0,137.0,303.0,440.0,111.0,46.0,11.0,70.0,162.0,1081.0
Tim Hardaway Jr.,hardati02,DEN,80.0,6.0,2127.0,348.0,779.0,224.0,550.0,159.0,196.0,17.0,189.0,206.0,108.0,42.0,10.0,43.0,100.0,1079.0
Jerami Grant,grantje01,POR,57.0,38.0,1695.0,331.0,730.0,136.0,350.0,262.0,322.0,55.0,143.0,198.0,122.0,42.0,36.0,119.0,142.0,1060.0
Collin Sexton,sextoco01,2TM,68.0,22.0,1614.0,360.0,742.0,112.0,279.0,218.0,255.0,41.0,114.0,155.0,223.0,76.0,10.0,141.0,144.0,1050.0
Naz Reid,reidna01,MIN,77.0,3.0,2007.0,397.0,871.0,162.0,448.0,90.0,123.0,90.0,387.0,477.0,170.0,76.0,78.0,126.0,195.0,1046.0
Andrew Wiggins,wiggian01,MIA,68.0,68.0,2063.0,390.0,821.0,138.0,333.0,127.0,162.0,115.0,214.0,329.0,182.0,76.0,69.0,103.0,156.0,1045.0
Shaedon Sharpe,sharpsh01,POR,50.0,42.0,1471.0,392.0,868.0,103.0,306.0,155.0,197.0,51.0,166.0,217.0,132.0,70.0,6.0,147.0,98.0,1042.0
Ayo Dosunmu,dosunay01,2TM,69.0,19.0,1881.0,386.0,747.0,123.0,280.0,127.0,145.0,47.0,190.0,237.0,249.0,58.0,18.0,96.0,130.0,1022.0
Joel Embiid,embiijo01,PHI,38.0,38.0,1201.0,341.0,697.0,53.0,159.0,286.0,335.0,75.0,218.0,293.0,150.0,21.0,46.0,109.0,82.0,1021.0
Collin Gillespie,gilleco01,PHO,80.0,58.0,2282.0,352.0,842.0,232.0,578.0,76.0,87.0,89.0,238.0,327.0,371.0,99.0,16.0,125.0,130.0,1012.0
Quentin Grimes,grimequ01,PHI,75.0,19.0,2206.0,340.0,755.0,127.0,380.0,199.0,237.0,46.0,227.0,273.0,244.0,64.0,28.0,133.0,155.0,1006.0
Donte DiVincenzo,divindo01,MIN,82.0,82.0,2494.0,339.0,835.0,244.0,644.0,78.0,105.0,67.0,269.0,336.0,313.0,104.0,34.0,118.0,197.0,1000.0
Ace Bailey,baileac01,UTA,72.0,61.0,1988.0,395.0,892.0,137.0,398.0,66.0,88.0,104.0,198.0,302.0,131.0,60.0,49.0,107.0,193.0,993.0
Giannis Antetokounmpo,antetgi01,MIL,36.0,36.0,1039.0,373.0,598.0,15.0,45.0,232.0,357.0,98.0,254.0,352.0,196.0,34.0,24.0,115.0,86.0,993.0
Russell Westbrook,westbru01,SAC,64.0,58.0,1853.0,358.0,839.0,128.0,379.0,127.0,183.0,80.0,268.0,348.0,426.0,83.0,12.0,209.0,147.0,971.0
Andrew Nembhard,nembhan01,IND,57.0,57.0,1786.0,333.0,753.0,107.0,296.0,193.0,234.0,25.0,135.0,160.0,437.0,51.0,8.0,137.0,126.0,966.0
Nikola Vučević,vucevni01,2TM,64.0,49.0,1818.0,394.0,799.0,100.0,271.0,77.0,93.0,125.0,412.0,537.0,213.0,39.0,41.0,85.0,127.0,965.0
Anthony Black,blackan01,ORL,64.0,40.0,1910.0,345.0,772.0,100.0,300.0,169.0,231.0,47.0,197.0,244.0,236.0,91.0,45.0,132.0,170.0,959.0
Bennedict Mathurin,mathube01,2TM,54.0,25.0,1620.0,291.0,677.0,75.0,238.0,292.0,336.0,55.0,238.0,293.0,129.0,43.0,13.0,118.0,137.0,949.0
Derik Queen,queende01,NOP,81.0,48.0,2023.0,354.0,748.0,23.0,88.0,217.0,273.0,136.0,436.0,572.0,298.0,84.0,74.0,190.0,215.0,948.0
Max Christie,chrisma02,DAL,77.0,68.0,2244.0,320.0,725.0,180.0,446.0,125.0,139.0,15.0,234.0,249.0,151.0,47.0,27.0,96.0,98.0,945.0
Duncan Robinson,robindu01,DET,77.0,77.0,2113.0,318.0,698.0,220.0,536.0,83.0,110.0,29.0,176.0,205.0,159.0,44.0,22.0,54.0,168.0,939.0
John Collins,collijo01,LAC,69.0,56.0,1872.0,364.0,659.0,89.0,219.0,118.0,154.0,110.0,257.0,367.0,70.0,60.0,51.0,95.0,187.0,935.0
Donovan Clingan,clingdo01,POR,77.0,77.0,2094.0,356.0,684.0,84.0,246.0,138.0,203.0,347.0,545.0,892.0,162.0,44.0,130.0,95.0,182.0,934.0
Devin Vassell,vassede01,SAS,67.0,65.0,2044.0,330.0,755.0,166.0,432.0,106.0,130.0,39.0,230.0,269.0,167.0,57.0,25.0,60.0,106.0,932.0
Jaren Jackson Jr.,jacksja02,2TM,48.0,48.0,1454.0,342.0,719.0,84.0,235.0,163.0,203.0,42.0,230.0,272.0,94.0,53.0,69.0,107.0,179.0,931.0
Wendell Carter Jr.,cartewe01,ORL,78.0,78.0,2288.0,326.0,637.0,72.0,226.0,198.0,250.0,162.0,415.0,577.0,154.0,60.0,49.0,100.0,267.0,922.0
Maxime Raynaud,raynama01,SAC,74.0,56.0,1964.0,383.0,671.0,24.0,74.0,132.0,168.0,142.0,414.0,556.0,100.0,38.0,39.0,94.0,170.0,922.0
Josh Giddey,giddejo01,CHI,54.0,51.0,1731.0,321.0,717.0,103.0,283.0,174.0,228.0,67.0,381.0,448.0,494.0,55.0,27.0,196.0,90.0,919.0
Bobby Portis,portibo01,MIL,67.0,9.0,1619.0,366.0,750.0,135.0,296.0,48.0,68.0,89.0,339.0,428.0,105.0,41.0,12.0,66.0,110.0,915.0
Tre Jones,jonestr01,CHI,65.0,41.0,1752.0,341.0,617.0,41.0,130.0,191.0,227.0,38.0,166.0,204.0,350.0,76.0,11.0,92.0,94.0,914.0
Julian Champagnie,champju02,SAS,82.0,68.0,2266.0,301.0,689.0,195.0,512.0,114.0,135.0,74.0,399.0,473.0,127.0,62.0,38.0,69.0,131.0,911.0
Dyson Daniels,daniedy01,ATL,76.0,76.0,2520.0,402.0,777.0,22.0,117.0,75.0,122.0,184.0,336.0,520.0,449.0,149.0,31.0,135.0,166.0,901.0
Deandre Ayton,aytonde01,LAL,72.0,72.0,1958.0,403.0,601.0,0.0,0.0,91.0,141.0,185.0,390.0,575.0,59.0,41.0,70.0,83.0,157.0,897.0
Kyle Kuzma,kuzmaky01,MIL,69.0,43.0,1806.0,339.0,689.0,83.0,239.0,135.0,186.0,57.0,256.0,313.0,184.0,46.0,28.0,119.0,134.0,896.0
Sandro Mamukelashvili,mamuksa01,TOR,80.0,13.0,1751.0,330.0,631.0,115.0,296.0,118.0,158.0,108.0,287.0,395.0,151.0,64.0,41.0,67.0,147.0,893.0
Jarace Walker,walkeja02,IND,76.0,41.0,1953.0,307.0,733.0,133.0,356.0,137.0,183.0,49.0,342.0,391.0,192.0,63.0,26.0,139.0,124.0,884.0
Kyle Filipowski,filipky01,UTA,77.0,41.0,1801.0,323.0,657.0,74.0,228.0,159.0,212.0,144.0,408.0,552.0,198.0,73.0,39.0,125.0,232.0,879.0
Bub Carrington,carrica01,WAS,82.0,48.0,2271.0,314.0,741.0,169.0,414.0,81.0,111.0,33.0,243.0,276.0,381.0,52.0,17.0,191.0,184.0,878.0
Jaylon Tyson,tysonja01,CLE,66.0,42.0,1777.0,330.0,670.0,133.0,298.0,79.0,107.0,118.0,220.0,338.0,147.0,54.0,28.0,99.0,164.0,872.0
Coby White,whiteco01,2TM,50.0,26.0,1249.0,278.0,623.0,115.0,318.0,197.0,241.0,17.0,153.0,170.0,200.0,25.0,5.0,128.0,111.0,868.0
Jaylen Wells,wellsja01,MEM,69.0,69.0,1821.0,301.0,698.0,129.0,365.0,134.0,171.0,61.0,159.0,220.0,111.0,61.0,9.0,74.0,148.0,865.0
Jrue Holiday,holidjr01,POR,53.0,51.0,1560.0,320.0,709.0,137.0,362.0,88.0,105.0,71.0,174.0,245.0,322.0,54.0,6.0,146.0,78.0,865.0
Jaren Jackson Jr.,jacksja02,MEM,45.0,45.0,1382.0,318.0,670.0,79.0,220.0,149.0,187.0,41.0,218.0,259.0,86.0,47.0,68.0,100.0,170.0,864.0
Jarrett Allen,allenja01,CLE,56.0,56.0,1519.0,337.0,528.0,1.0,10.0,185.0,261.0,144.0,332.0,476.0,100.0,55.0,47.0,75.0,95.0,860.0
Brandon Williams,willibr03,DAL,66.0,15.0,1463.0,291.0,617.0,36.0,155.0,241.0,304.0,30.0,161.0,191.0,256.0,62.0,20.0,125.0,103.0,859.0
Kel'el Ware,wareke01,MIA,77.0,34.0,1704.0,344.0,649.0,92.0,233.0,71.0,96.0,217.0,477.0,694.0,56.0,59.0,84.0,62.0,119.0,851.0
Myles Turner,turnemy01,MIL,71.0,71.0,1912.0,284.0,646.0,147.0,384.0,131.0,177.0,75.0,303.0,378.0,103.0,50.0,115.0,83.0,185.0,846.0
Darius Garland,garlada01,2TM,45.0,43.0,1344.0,309.0,672.0,122.0,308.0,105.0,122.0,18.0,89.0,107.0,301.0,43.0,8.0,130.0,84.0,845.0
Cedric Coward,cowarce01,MEM,62.0,47.0,1598.0,305.0,648.0,93.0,275.0,140.0,166.0,83.0,281.0,364.0,171.0,40.0,27.0,105.0,126.0,843.0
Grayson Allen,allengr01,PHO,51.0,27.0,1467.0,269.0,667.0,159.0,455.0,144.0,168.0,37.0,118.0,155.0,195.0,69.0,13.0,83.0,117.0,841.0
Tobias Harris,harrito02,DET,63.0,63.0,1746.0,309.0,659.0,82.0,223.0,136.0,157.0,55.0,268.0,323.0,157.0,58.0,26.0,63.0,107.0,836.0
Rudy Gobert,goberru01,MIN,76.0,76.0,2380.0,335.0,491.0,0.0,5.0,159.0,302.0,299.0,573.0,872.0,128.0,58.0,124.0,106.0,199.0,829.0
Dylan Harper,harpedy01,SAS,69.0,4.0,1558.0,331.0,656.0,61.0,178.0,90.0,119.0,54.0,180.0,234.0,266.0,54.0,24.0,99.0,139.0,813.0
Nic Claxton,claxtni01,BRK,69.0,68.0,1920.0,333.0,583.0,3.0,19.0,141.0,229.0,168.0,310.0,478.0,253.0,45.0,77.0,96.0,158.0,810.0
Klay Thompson,thompkl01,DAL,69.0,8.0,1497.0,286.0,728.0,202.0,527.0,36.0,47.0,18.0,125.0,143.0,96.0,33.0,22.0,63.0,70.0,810.0
Nikola Vučević,vucevni01,CHI,48.0,48.0,1480.0,333.0,660.0,82.0,218.0,62.0,74.0,100.0,331.0,431.0,181.0,32.0,31.0,69.0,97.0,810.0
A.J. Green,greenaj01,MIL,78.0,68.0,2270.0,262.0,618.0,232.0,554.0,53.0,62.0,29.0,184.0,213.0,152.0,39.0,8.0,75.0,179.0,809.0
Noah Clowney,clownno01,BRK,66.0,60.0,1780.0,250.0,631.0,129.0,392.0,180.0,224.0,52.0,221.0,273.0,108.0,50.0,45.0,102.0,168.0,809.0
Pelle Larsson,larsspe01,MIA,70.0,54.0,1849.0,277.0,559.0,62.0,192.0,184.0,231.0,69.0,175.0,244.0,236.0,49.0,16.0,101.0,148.0,800.0
Cam Spencer,spencca01,MEM,72.0,20.0,1714.0,263.0,556.0,146.0,325.0,126.0,134.0,40.0,143.0,183.0,400.0,52.0,11.0,93.0,103.0,798.0
P.J. Washington,washipj01,DAL,56.0,53.0,1736.0,296.0,658.0,76.0,234.0,125.0,182.0,84.0,310.0,394.0,98.0,55.0,60.0,94.0,119.0,793.0
Josh Hart,hartjo01,NYK,66.0,52.0,1994.0,301.0,592.0,100.0,242.0,90.0,125.0,93.0,393.0,486.0,317.0,75.0,17.0,128.0,165.0,792.0
Peyton Watson,watsope01,DEN,54.0,40.0,1598.0,285.0,581.0,81.0,197.0,138.0,189.0,49.0,215.0,264.0,111.0,50.0,61.0,93.0,136.0,789.0
Jalen Suggs,suggsja01,ORL,57.0,56.0,1574.0,282.0,649.0,122.0,360.0,100.0,117.0,36.0,184.0,220.0,312.0,105.0,40.0,152.0,145.0,786.0
Isaiah Joe,joeis01,OKC,71.0,9.0,1507.0,247.0,543.0,181.0,428.0,110.0,123.0,33.0,148.0,181.0,94.0,50.0,11.0,45.0,121.0,785.0
Anfernee Simons,simonan01,2TM,55.0,5.0,1372.0,285.0,648.0,146.0,379.0,69.0,77.0,31.0,104.0,135.0,134.0,27.0,8.0,68.0,94.0,785.0
Jay Huff,huffja01,IND,82.0,47.0,1719.0,291.0,611.0,119.0,373.0,82.0,99.0,73.0,251.0,324.0,121.0,41.0,153.0,76.0,196.0,783.0
Alex Sarr,sarral01,WAS,48.0,48.0,1305.0,316.0,656.0,50.0,150.0,101.0,146.0,105.0,250.0,355.0,130.0,39.0,95.0,82.0,105.0,783.0
Rui Hachimura,hachiru01,LAL,68.0,41.0,1927.0,307.0,597.0,116.0,262.0,50.0,72.0,41.0,185.0,226.0,57.0,39.0,21.0,42.0,110.0,780.0
Neemias Queta,quetane01,BOS,76.0,75.0,1926.0,326.0,499.0,1.0,8.0,123.0,175.0,230.0,406.0,636.0,126.0,60.0,100.0,75.0,216.0,776.0
Ajay Mitchell,mitchaj01,OKC,57.0,16.0,1473.0,286.0,590.0,61.0,176.0,141.0,162.0,40.0,150.0,190.0,206.0,71.0,18.0,81.0,119.0,774.0
Malik Monk,monkma01,SAC,62.0,3.0,1364.0,277.0,632.0,124.0,314.0,94.0,107.0,15.0,102.0,117.0,185.0,37.0,24.0,91.0,99.0,772.0
CJ McCollum,mccolcj01,ATL,41.0,25.0,1182.0,285.0,625.0,95.0,266.0,101.0,135.0,39.0,89.0,128.0,167.0,40.0,26.0,77.0,71.0,766.0
Royce O'Neale,onealro01,PHO,78.0,67.0,2213.0,263.0,625.0,212.0,520.0,27.0,38.0,59.0,313.0,372.0,208.0,84.0,32.0,103.0,177.0,765.0
Harrison Barnes,barneha02,SAS,77.0,52.0,1986.0,262.0,575.0,139.0,358.0,102.0,123.0,62.0,151.0,213.0,148.0,50.0,12.0,61.0,85.0,765.0
Will Riley,rileywi01,WAS,74.0,18.0,1633.0,271.0,618.0,78.0,247.0,144.0,180.0,56.0,156.0,212.0,146.0,54.0,9.0,94.0,91.0,764.0
Tristan Da Silva,dasiltr01,ORL,77.0,34.0,1899.0,279.0,620.0,120.0,321.0,84.0,95.0,58.0,226.0,284.0,124.0,68.0,25.0,69.0,117.0,762.0
Jimmy Butler,butleji01,GSW,38.0,38.0,1182.0,240.0,462.0,32.0,85.0,248.0,287.0,88.0,123.0,211.0,185.0,55.0,8.0,60.0,46.0,760.0
Dennis Schröder,schrode01,2TM,70.0,17.0,1697.0,255.0,629.0,75.0,228.0,171.0,205.0,33.0,157.0,190.0,341.0,55.0,11.0,124.0,109.0,756.0
Zach LaVine,lavinza01,SAC,39.0,37.0,1224.0,262.0,547.0,99.0,254.0,125.0,142.0,8.0,100.0,108.0,89.0,28.0,10.0,74.0,81.0,748.0
Precious Achiuwa,achiupr01,SAC,73.0,57.0,1745.0,316.0,598.0,27.0,97.0,77.0,139.0,177.0,315.0,492.0,101.0,65.0,50.0,65.0,123.0,736.0
Tre Johnson,johnstr03,WAS,60.0,42.0,1443.0,271.0,647.0,115.0,321.0,76.0,87.0,29.0,141.0,170.0,122.0,33.0,18.0,93.0,122.0,733.0
Moses Moody,moodymo01,GSW,60.0,49.0,1540.0,245.0,557.0,151.0,377.0,87.0,113.0,51.0,149.0,200.0,98.0,58.0,34.0,57.0,122.0,728.0
Ausar Thompson,thompau01,DET,73.0,72.0,1896.0,303.0,577.0,6.0,24.0,109.0,191.0,150.0,268.0,418.0,228.0,146.0,69.0,110.0,198.0,721.0
Sam Hauser,hausesa01,BOS,78.0,49.0,1934.0,252.0,601.0,198.0,504.0,17.0,20.0,56.0,244.0,300.0,114.0,38.0,23.0,35.0,113.0,719.0
Jock Landale,landajo01,2TM,68.0,27.0,1506.0,282.0,548.0,74.0,193.0,80.0,126.0,183.0,204.0,387.0,115.0,35.0,36.0,60.0,150.0,718.0
Kyshawn George,georgky01,WAS,48.0,48.0,1391.0,253.0,577.0,99.0,260.0,105.0,131.0,43.0,202.0,245.0,214.0,48.0,43.0,125.0,169.0,710.0
Kelly Oubre Jr.,oubreke01,PHI,50.0,41.0,1574.0,254.0,544.0,86.0,239.0,111.0,145.0,50.0,202.0,252.0,80.0,68.0,24.0,69.0,127.0,705.0
Mark Williams,willima07,PHO,60.0,55.0,1416.0,282.0,438.0,1.0,1.0,135.0,175.0,185.0,292.0,477.0,58.0,55.0,55.0,65.0,132.0,700.0
Franz Wagner,wagnefr01,ORL,34.0,32.0,1019.0,244.0,507.0,48.0,139.0,163.0,198.0,43.0,134.0,177.0,113.0,32.0,11.0,58.0,72.0,699.0
Anfernee Simons,simonan01,BOS,49.0,0.0,1202.0,250.0,568.0,130.0,329.0,64.0,72.0,26.0,92.0,118.0,116.0,27.0,6.0,55.0,82.0,694.0
Kevin Huerter,huertke01,2TM,69.0,14.0,1549.0,269.0,596.0,100.0,325.0,55.0,71.0,34.0,206.0,240.0,178.0,63.0,33.0,72.0,115.0,693.0
Isaiah Collier,colliis01,UTA,59.0,19.0,1517.0,255.0,515.0,27.0,100.0,151.0,209.0,21.0,129.0,150.0,423.0,66.0,20.0,148.0,138.0,688.0
GG Jackson II,jacksgg01,MEM,55.0,28.0,1178.0,255.0,514.0,64.0,193.0,112.0,151.0,49.0,186.0,235.0,81.0,31.0,44.0,85.0,75.0,686.0
Ivica Zubac,zubaciv01,2TM,48.0,47.0,1446.0,288.0,482.0,0.0,0.0,101.0,142.0,162.0,347.0,509.0,105.0,18.0,40.0,86.0,112.0,677.0
Ayo Dosunmu,dosunay01,CHI,45.0,10.0,1187.0,250.0,486.0,87.0,193.0,90.0,105.0,33.0,103.0,136.0,164.0,34.0,12.0,61.0,78.0,677.0
Tyler Herro,herroty01,MIA,33.0,28.0,1033.0,247.0,515.0,84.0,222.0,99.0,108.0,14.0,144.0,158.0,136.0,23.0,12.0,64.0,62.0,677.0
Jake LaRavia,laravja01,LAL,82.0,43.0,2061.0,240.0,523.0,78.0,243.0,116.0,152.0,116.0,210.0,326.0,145.0,104.0,38.0,87.0,196.0,674.0
Daniss Jenkins,jenkida01,DET,72.0,19.0,1455.0,232.0,568.0,73.0,195.0,134.0,161.0,51.0,115.0,166.0,278.0,64.0,15.0,115.0,107.0,671.0
Sam Merrill,merrisa01,CLE,52.0,38.0,1377.0,223.0,484.0,158.0,375.0,59.0,69.0,28.0,105.0,133.0,125.0,33.0,7.0,42.0,127.0,663.0
Kevin Porter Jr.,porteke02,MIL,38.0,36.0,1261.0,239.0,514.0,46.0,143.0,137.0,156.0,34.0,164.0,198.0,280.0,83.0,19.0,110.0,88.0,661.0
Cason Wallace,wallaca01,OKC,77.0,58.0,2046.0,252.0,584.0,101.0,288.0,55.0,68.0,63.0,175.0,238.0,200.0,150.0,28.0,73.0,154.0,660.0
Cameron Johnson,johnsca02,DEN,54.0,54.0,1647.0,228.0,475.0,110.0,256.0,94.0,112.0,43.0,163.0,206.0,132.0,40.0,21.0,47.0,125.0,660.0
CJ McCollum,mccolcj01,WAS,35.0,35.0,1082.0,240.0,529.0,96.0,244.0,82.0,102.0,23.0,101.0,124.0,126.0,24.0,9.0,58.0,73.0,658.0
Bilal Coulibaly,coulibi01,WAS,56.0,56.0,1468.0,230.0,541.0,65.0,204.0,132.0,177.0,48.0,195.0,243.0,145.0,75.0,54.0,81.0,130.0,657.0
Davion Mitchell,mitchda01,MIA,70.0,70.0,2000.0,261.0,533.0,90.0,228.0,42.0,65.0,32.0,154.0,186.0,453.0,68.0,11.0,108.0,181.0,654.0
Luke Kennard,kennalu01,2TM,78.0,6.0,1681.0,236.0,443.0,117.0,245.0,63.0,69.0,32.0,150.0,182.0,174.0,55.0,8.0,60.0,101.0,652.0
Bruce Brown,brownbr01,DEN,82.0,4.0,1998.0,248.0,522.0,57.0,148.0,96.0,126.0,85.0,233.0,318.0,174.0,85.0,20.0,91.0,195.0,649.0
Nique Clifford,cliffni01,SAC,75.0,28.0,1882.0,249.0,596.0,77.0,231.0,70.0,97.0,65.0,217.0,282.0,179.0,68.0,24.0,116.0,156.0,645.0
Zaccharie Risacher,risacza01,ATL,67.0,46.0,1503.0,244.0,536.0,95.0,258.0,58.0,90.0,71.0,186.0,257.0,76.0,59.0,36.0,58.0,147.0,641.0
Paul George,georgpa01,PHI,37.0,37.0,1135.0,225.0,513.0,100.0,255.0,91.0,111.0,20.0,176.0,196.0,133.0,62.0,16.0,64.0,84.0,641.0
Ron Holland,hollaro01,DET,78.0,5.0,1551.0,235.0,544.0,50.0,198.0,120.0,149.0,83.0,232.0,315.0,95.0,92.0,27.0,96.0,183.0,640.0
Khris Middleton,middlkh01,2TM,63.0,50.0,1439.0,227.0,540.0,67.0,186.0,119.0,136.0,51.0,180.0,231.0,176.0,41.0,9.0,108.0,144.0,640.0
Brook Lopez,lopezbr01,LAC,75.0,40.0,1635.0,232.0,542.0,114.0,317.0,56.0,74.0,47.0,226.0,273.0,97.0,45.0,87.0,61.0,154.0,634.0
Tari Eason,easonta01,HOU,60.0,34.0,1549.0,241.0,580.0,93.0,260.0,52.0,67.0,124.0,252.0,376.0,90.0,72.0,28.0,81.0,138.0,627.0
Marvin Bagley III,baglema01,2TM,60.0,12.0,1201.0,254.0,411.0,24.0,52.0,95.0,144.0,150.0,216.0,366.0,85.0,28.0,43.0,61.0,123.0,627.0
Gui Santos,santogu01,GSW,68.0,30.0,1395.0,230.0,460.0,78.0,222.0,87.0,120.0,75.0,191.0,266.0,159.0,61.0,22.0,102.0,142.0,625.0
Jordan Clarkson,clarkjo01,NYK,72.0,1.0,1279.0,237.0,526.0,70.0,214.0,78.0,94.0,62.0,65.0,127.0,96.0,30.0,9.0,63.0,123.0,622.0
Aaron Nesmith,nesmiaa01,IND,45.0,42.0,1335.0,212.0,512.0,105.0,277.0,92.0,111.0,48.0,139.0,187.0,86.0,26.0,23.0,63.0,124.0,621.0
Ivica Zubac,zubaciv01,LAC,43.0,42.0,1328.0,263.0,429.0,0.0,0.0,93.0,132.0,148.0,325.0,473.0,96.0,16.0,36.0,82.0,104.0,619.0
De'Andre Hunter,huntede01,2TM,45.0,25.0,1176.0,208.0,501.0,75.0,246.0,124.0,143.0,30.0,155.0,185.0,90.0,30.0,6.0,75.0,112.0,615.0
Aaron Wiggins,wiggiaa01,OKC,65.0,21.0,1414.0,231.0,536.0,96.0,270.0,53.0,72.0,41.0,158.0,199.0,109.0,60.0,28.0,81.0,83.0,611.0
Jordan Goodwin,goodwjo01,PHO,70.0,10.0,1572.0,229.0,555.0,112.0,302.0,39.0,56.0,138.0,203.0,341.0,151.0,106.0,14.0,68.0,133.0,609.0
Bones Hyland,hylanbo01,MIN,71.0,3.0,1177.0,212.0,468.0,116.0,299.0,64.0,82.0,23.0,104.0,127.0,188.0,44.0,17.0,70.0,120.0,604.0
De'Anthony Melton,meltode01,GSW,49.0,24.0,1125.0,215.0,528.0,72.0,245.0,100.0,121.0,39.0,119.0,158.0,125.0,77.0,20.0,91.0,91.0,602.0
Santi Aldama,aldamsa01,MEM,43.0,11.0,1198.0,228.0,476.0,70.0,200.0,76.0,114.0,67.0,220.0,287.0,126.0,37.0,31.0,55.0,69.0,602.0
De'Andre Hunter,huntede01,CLE,43.0,23.0,1125.0,204.0,482.0,73.0,237.0,119.0,137.0,29.0,153.0,182.0,89.0,30.0,6.0,71.0,107.0,600.0
Jordan Miller,millejo02,LAC,60.0,1.0,1325.0,212.0,399.0,38.0,110.0,136.0,175.0,50.0,132.0,182.0,136.0,45.0,11.0,63.0,62.0,598.0
Simone Fontecchio,fontesi01,MIA,70.0,9.0,1173.0,194.0,471.0,123.0,328.0,86.0,102.0,56.0,155.0,211.0,101.0,37.0,9.0,49.0,104.0,597.0
Justin Champagnie,champju01,WAS,69.0,19.0,1377.0,232.0,462.0,53.0,166.0,80.0,102.0,145.0,239.0,384.0,84.0,59.0,43.0,45.0,114.0,597.0
Kris Dunn,dunnkr01,LAC,82.0,68.0,2230.0,227.0,477.0,80.0,214.0,62.0,81.0,58.0,213.0,271.0,295.0,131.0,14.0,111.0,189.0,596.0
Collin Sexton,sextoco01,CHO,42.0,12.0,938.0,202.0,414.0,57.0,145.0,135.0,154.0,18.0,62.0,80.0,157.0,36.0,7.0,89.0,75.0,596.0
Cody Williams,willico04,UTA,67.0,41.0,1631.0,238.0,509.0,28.0,131.0,84.0,119.0,61.0,137.0,198.0,137.0,51.0,26.0,73.0,122.0,588.0
Isaac Okoro,okorois01,CHI,63.0,62.0,1695.0,211.0,459.0,73.0,221.0,89.0,112.0,69.0,104.0,173.0,100.0,46.0,29.0,46.0,162.0,584.0
Aaron Gordon,gordoaa01,DEN,36.0,33.0,1005.0,198.0,398.0,61.0,157.0,125.0,163.0,51.0,158.0,209.0,96.0,21.0,10.0,38.0,62.0,582.0
Isaiah Stewart,stewais01,DET,58.0,13.0,1317.0,221.0,402.0,40.0,120.0,99.0,131.0,96.0,194.0,290.0,66.0,16.0,93.0,67.0,166.0,581.0
Marcus Smart,smartma01,LAL,62.0,54.0,1769.0,188.0,476.0,97.0,293.0,106.0,129.0,36.0,136.0,172.0,185.0,87.0,23.0,92.0,162.0,579.0
Luguentz Dort,dortlu01,OKC,69.0,69.0,1849.0,202.0,524.0,128.0,372.0,44.0,58.0,56.0,189.0,245.0,85.0,62.0,27.0,54.0,179.0,576.0
Moussa Diabaté,diabamo01,CHO,73.0,47.0,1899.0,229.0,363.0,1.0,2.0,116.0,176.0,273.0,362.0,635.0,141.0,56.0,72.0,73.0,176.0,575.0
Ziaire Williams,willizi02,BRK,56.0,13.0,1281.0,184.0,433.0,86.0,251.0,119.0,140.0,30.0,104.0,134.0,60.0,76.0,21.0,59.0,116.0,573.0
Draymond Green,greendr01,GSW,68.0,68.0,1869.0,205.0,491.0,101.0,310.0,59.0,84.0,55.0,320.0,375.0,376.0,61.0,42.0,181.0,197.0,570.0
Javonte Green,greenja02,DET,82.0,6.0,1446.0,185.0,414.0,94.0,247.0,105.0,125.0,62.0,168.0,230.0,56.0,102.0,25.0,45.0,107.0,569.0
Jalen Green,greenja05,PHO,32.0,27.0,828.0,216.0,512.0,71.0,227.0,65.0,87.0,16.0,100.0,116.0,91.0,34.0,8.0,72.0,42.0,568.0
Jonas Valančiūnas,valanjo01,DEN,65.0,6.0,871.0,227.0,390.0,8.0,26.0,105.0,136.0,105.0,224.0,329.0,78.0,14.0,37.0,73.0,133.0,567.0
Cam Thomas,thomaca02,2TM,42.0,8.0,881.0,189.0,461.0,52.0,168.0,137.0,169.0,11.0,60.0,71.0,108.0,9.0,4.0,74.0,43.0,567.0
Jalen Williams,willija06,OKC,33.0,33.0,936.0,216.0,446.0,23.0,77.0,108.0,129.0,27.0,125.0,152.0,181.0,39.0,9.0,63.0,65.0,563.0
Jared McCain,mccaija01,2TM,67.0,3.0,1160.0,204.0,480.0,99.0,257.0,51.0,59.0,23.0,114.0,137.0,90.0,35.0,5.0,56.0,81.0,558.0
Luka Garza,garzalu01,BOS,69.0,6.0,1118.0,206.0,357.0,55.0,127.0,90.0,117.0,156.0,125.0,281.0,66.0,27.0,28.0,46.0,161.0,557.0
Vít Krejčí,krejcvi01,2TM,65.0,8.0,1392.0,192.0,429.0,128.0,328.0,38.0,51.0,31.0,117.0,148.0,100.0,47.0,18.0,41.0,138.0,550.0
Gary Payton II,paytoga02,GSW,73.0,1.0,1142.0,242.0,415.0,37.0,127.0,26.0,40.0,101.0,164.0,265.0,123.0,67.0,21.0,62.0,132.0,547.0
Jamal Shead,sheadja01,TOR,82.0,12.0,1852.0,185.0,504.0,84.0,262.0,91.0,116.0,26.0,117.0,143.0,444.0,76.0,15.0,112.0,162.0,545.0
Dominick Barlow,barlodo01,PHI,71.0,59.0,1689.0,215.0,399.0,21.0,82.0,94.0,131.0,133.0,207.0,340.0,87.0,63.0,53.0,56.0,150.0,545.0
Ja'Kobe Walter,walteja01,TOR,72.0,19.0,1474.0,180.0,404.0,110.0,269.0,71.0,90.0,56.0,129.0,185.0,86.0,73.0,14.0,37.0,162.0,541.0
Jalen Smith,smithja04,CHI,53.0,21.0,1095.0,195.0,404.0,82.0,220.0,69.0,93.0,98.0,257.0,355.0,65.0,24.0,42.0,53.0,111.0,541.0
Day'Ron Sharpe,sharpda01,BRK,62.0,7.0,1160.0,214.0,356.0,9.0,39.0,103.0,152.0,171.0,242.0,413.0,145.0,67.0,26.0,106.0,147.0,540.0
Coby White,whiteco01,CHI,29.0,26.0,843.0,172.0,393.0,72.0,208.0,124.0,154.0,7.0,101.0,108.0,136.0,20.0,2.0,88.0,71.0,540.0
Walter Clayton,claytwa01,2TM,69.0,6.0,1410.0,177.0,461.0,75.0,244.0,109.0,121.0,25.0,114.0,139.0,279.0,44.0,19.0,116.0,119.0,538.0
Egor Dёmin,demineg01,BRK,52.0,45.0,1308.0,179.0,449.0,124.0,322.0,54.0,65.0,21.0,144.0,165.0,173.0,42.0,17.0,86.0,93.0,536.0
James Harden,hardeja01,CLE,26.0,26.0,879.0,164.0,352.0,80.0,184.0,126.0,150.0,13.0,111.0,124.0,199.0,22.0,12.0,83.0,54.0,534.0
Kristaps Porziņģis,porzikr01,2TM,32.0,23.0,769.0,173.0,388.0,54.0,160.0,133.0,158.0,40.0,127.0,167.0,81.0,18.0,38.0,41.0,92.0,533.0
Corey Kispert,kispeco01,2TM,58.0,10.0,1080.0,184.0,394.0,87.0,237.0,77.0,97.0,27.0,105.0,132.0,92.0,16.0,9.0,45.0,60.0,532.0
Oso Ighodaro,ighodos01,PHO,82.0,24.0,1808.0,239.0,366.0,0.0,1.0,53.0,117.0,138.0,280.0,418.0,185.0,73.0,57.0,101.0,218.0,531.0
Olivier-Maxence Prosper,prospol01,MEM,53.0,24.0,984.0,192.0,350.0,60.0,148.0,86.0,114.0,59.0,128.0,187.0,51.0,40.0,13.0,47.0,83.0,530.0
Gary Trent Jr.,trentga02,MIL,65.0,21.0,1377.0,183.0,473.0,123.0,342.0,40.0,52.0,8.0,59.0,67.0,79.0,34.0,3.0,41.0,85.0,529.0
Christian Braun,braunch01,DEN,44.0,44.0,1399.0,202.0,389.0,43.0,143.0,79.0,101.0,61.0,150.0,211.0,120.0,30.0,12.0,43.0,103.0,526.0
T.J. McConnell,mccontj01,IND,56.0,4.0,963.0,242.0,450.0,16.0,50.0,25.0,29.0,22.0,102.0,124.0,287.0,56.0,10.0,64.0,62.0,525.0
Daniel Gafford,gaffoda01,DAL,55.0,44.0,1195.0,207.0,316.0,0.0,0.0,110.0,161.0,138.0,240.0,378.0,58.0,42.0,69.0,63.0,144.0,524.0
Jordan Poole,poolejo01,NOP,39.0,8.0,933.0,165.0,444.0,96.0,288.0,98.0,114.0,9.0,68.0,77.0,119.0,22.0,15.0,69.0,89.0,524.0
Jaden Hardy,hardyja02,2TM,57.0,4.0,898.0,182.0,429.0,104.0,262.0,55.0,75.0,15.0,71.0,86.0,58.0,16.0,6.0,62.0,89.0,523.0
Ryan Kalkbrenner,kalkbry01,CHO,69.0,31.0,1479.0,219.0,291.0,0.0,5.0,83.0,116.0,167.0,210.0,377.0,54.0,32.0,101.0,62.0,107.0,521.0
Quinten Post,postqu01,GSW,67.0,35.0,1159.0,193.0,439.0,93.0,277.0,34.0,43.0,68.0,201.0,269.0,94.0,26.0,35.0,56.0,125.0,513.0
Jose Alvarado,alvarjo01,2TM,69.0,3.0,1370.0,187.0,449.0,101.0,287.0,35.0,46.0,26.0,145.0,171.0,234.0,66.0,8.0,77.0,129.0,510.0
Dennis Schröder,schrode01,SAC,40.0,14.0,1056.0,172.0,422.0,57.0,166.0,109.0,133.0,22.0,100.0,122.0,211.0,32.0,6.0,79.0,66.0,510.0
Caleb Love,loveca01,POR,49.0,1.0,1013.0,190.0,490.0,93.0,292.0,36.0,49.0,25.0,89.0,114.0,123.0,27.0,4.0,62.0,48.0,509.0
Jock Landale,landajo01,MEM,45.0,25.0,1060.0,200.0,389.0,49.0,129.0,60.0,89.0,141.0,151.0,292.0,75.0,25.0,22.0,46.0,102.0,509.0
Danny Wolf,wolfda01,BRK,57.0,15.0,1187.0,178.0,440.0,68.0,211.0,84.0,109.0,57.0,224.0,281.0,127.0,30.0,32.0,73.0,126.0,508.0
Patrick Williams,willipa01,CHI,72.0,6.0,1474.0,178.0,478.0,95.0,274.0,54.0,75.0,49.0,166.0,215.0,105.0,49.0,26.0,75.0,93.0,505.0
Paul Reed,reedpa01,DET,65.0,11.0,901.0,209.0,339.0,13.0,40.0,73.0,110.0,130.0,164.0,294.0,80.0,57.0,60.0,58.0,120.0,504.0
Derrick Jones Jr.,jonesde02,LAC,50.0,45.0,1350.0,189.0,379.0,55.0,153.0,71.0,93.0,61.0,112.0,173.0,69.0,45.0,50.0,40.0,104.0,504.0
Nolan Traoré,traorno01,BRK,56.0,31.0,1243.0,182.0,479.0,61.0,192.0,74.0,94.0,14.0,85.0,99.0,213.0,45.0,23.0,129.0,119.0,499.0
Jaxson Hayes,hayesja02,LAL,66.0,9.0,1207.0,198.0,262.0,3.0,3.0,98.0,150.0,99.0,172.0,271.0,59.0,29.0,52.0,31.0,127.0,497.0
Bennedict Mathurin,mathube01,IND,28.0,24.0,891.0,155.0,358.0,58.0,156.0,129.0,146.0,22.0,129.0,151.0,63.0,17.0,4.0,64.0,76.0,497.0
Herbert Jones,joneshe01,NOP,56.0,56.0,1588.0,183.0,478.0,80.0,259.0,50.0,62.0,47.0,143.0,190.0,155.0,88.0,27.0,73.0,177.0,496.0
Kobe Sanders,sandeko01,LAC,68.0,16.0,1351.0,179.0,384.0,80.0,196.0,57.0,69.0,29.0,124.0,153.0,109.0,49.0,10.0,81.0,146.0,495.0
Jakob Poeltl,poeltja01,TOR,46.0,44.0,1149.0,217.0,310.0,0.0,0.0,59.0,98.0,114.0,209.0,323.0,93.0,40.0,32.0,57.0,145.0,493.0
Miles McBride,mcbrimi01,NYK,41.0,15.0,1080.0,171.0,404.0,112.0,271.0,37.0,47.0,24.0,76.0,100.0,106.0,35.0,9.0,33.0,70.0,491.0
Collin Murray-Boyles,murraco01,TOR,57.0,22.0,1246.0,198.0,342.0,17.0,50.0,71.0,108.0,133.0,152.0,285.0,106.0,52.0,53.0,59.0,147.0,484.0
Keon Ellis,elliske01,2TM,72.0,11.0,1478.0,169.0,384.0,91.0,251.0,51.0,70.0,38.0,97.0,135.0,72.0,83.0,46.0,41.0,134.0,480.0
Kevin Huerter,huertke01,CHI,44.0,11.0,1037.0,184.0,404.0,70.0,223.0,41.0,56.0,23.0,146.0,169.0,116.0,35.0,26.0,49.0,85.0,479.0
Pat Spencer,spencpa01,GSW,66.0,14.0,1229.0,186.0,436.0,60.0,168.0,44.0,57.0,51.0,107.0,158.0,232.0,48.0,5.0,85.0,75.0,476.0
Landry Shamet,shamela01,NYK,51.0,12.0,1171.0,159.0,364.0,103.0,263.0,54.0,76.0,23.0,69.0,92.0,72.0,31.0,9.0,30.0,77.0,475.0
Jaylin Williams,willija07,OKC,65.0,11.0,1277.0,149.0,352.0,98.0,256.0,73.0,92.0,32.0,326.0,358.0,158.0,31.0,42.0,67.0,127.0,469.0
Svi Mykhailiuk,mykhasv01,UTA,50.0,41.0,1156.0,173.0,362.0,98.0,240.0,25.0,28.0,36.0,88.0,124.0,93.0,26.0,3.0,42.0,63.0,469.0
Darius Garland,garlada01,CLE,26.0,26.0,792.0,170.0,377.0,59.0,164.0,68.0,79.0,12.0,51.0,63.0,180.0,21.0,3.0,73.0,48.0,467.0
Ben Sheppard,sheppbe01,IND,65.0,20.0,1390.0,168.0,387.0,84.0,232.0,39.0,51.0,43.0,152.0,195.0,114.0,39.0,6.0,41.0,114.0,459.0
Micah Potter,pottemi01,IND,47.0,7.0,908.0,151.0,293.0,71.0,168.0,85.0,101.0,58.0,175.0,233.0,69.0,22.0,15.0,47.0,82.0,458.0
Gradey Dick,dickgr01,TOR,76.0,1.0,1067.0,161.0,384.0,56.0,186.0,77.0,88.0,42.0,105.0,147.0,51.0,45.0,7.0,43.0,101.0,455.0
Terance Mann,mannte01,BRK,63.0,51.0,1529.0,168.0,368.0,56.0,154.0,63.0,80.0,70.0,130.0,200.0,190.0,41.0,15.0,71.0,155.0,455.0
Collin Sexton,sextoco01,CHI,26.0,10.0,676.0,158.0,328.0,55.0,134.0,83.0,101.0,23.0,52.0,75.0,66.0,40.0,3.0,52.0,69.0,454.0
Bennedict Mathurin,mathube01,LAC,26.0,1.0,729.0,136.0,319.0,17.0,82.0,163.0,190.0,33.0,109.0,142.0,66.0,26.0,9.0,54.0,61.0,452.0
Quenton Jackson,jacksqu01,IND,49.0,19.0,897.0,154.0,328.0,42.0,118.0,98.0,119.0,28.0,86.0,114.0,140.0,31.0,6.0,62.0,82.0,448.0
Jusuf Nurkić,nurkiju01,UTA,41.0,36.0,1083.0,180.0,358.0,25.0,71.0,62.0,113.0,106.0,319.0,425.0,196.0,52.0,22.0,101.0,134.0,447.0
Luke Kornet,kornelu01,SAS,68.0,25.0,1430.0,175.0,272.0,0.0,0.0,94.0,114.0,181.0,233.0,414.0,126.0,32.0,65.0,28.0,120.0,444.0
Caris LeVert,leverca01,DET,60.0,0.0,1154.0,163.0,391.0,60.0,180.0,57.0,84.0,23.0,94.0,117.0,159.0,51.0,41.0,82.0,91.0,443.0
Sion James,jamessi01,CHO,82.0,19.0,1843.0,138.0,372.0,83.0,236.0,82.0,98.0,49.0,238.0,287.0,163.0,52.0,20.0,65.0,148.0,441.0
Will Richard,richawi02,GSW,69.0,21.0,1377.0,162.0,346.0,71.0,212.0,46.0,54.0,67.0,105.0,172.0,93.0,80.0,9.0,53.0,131.0,441.0
Tristan Vukcevic,vukcetr01,WAS,49.0,12.0,671.0,152.0,317.0,50.0,144.0,87.0,111.0,32.0,115.0,147.0,55.0,23.0,33.0,62.0,82.0,441.0
Taylor Hendricks,hendrta01,2TM,59.0,17.0,1118.0,163.0,355.0,63.0,184.0,49.0,72.0,65.0,156.0,221.0,55.0,50.0,30.0,50.0,99.0,438.0
Jonathan Kuminga,kuminjo01,2TM,36.0,14.0,830.0,157.0,339.0,35.0,105.0,89.0,123.0,49.0,153.0,202.0,83.0,22.0,11.0,67.0,55.0,438.0
Isaiah Hartenstein,harteis01,OKC,47.0,46.0,1137.0,184.0,296.0,0.0,7.0,64.0,105.0,149.0,294.0,443.0,166.0,48.0,36.0,82.0,118.0,432.0
Ousmane Dieng,diengou01,2TM,57.0,20.0,1099.0,168.0,398.0,63.0,185.0,32.0,45.0,29.0,151.0,180.0,136.0,25.0,17.0,75.0,78.0,431.0
Kentavious Caldwell-Pope,caldwke01,MEM,51.0,14.0,1088.0,150.0,366.0,55.0,174.0,73.0,80.0,20.0,105.0,125.0,139.0,43.0,8.0,61.0,57.0,428.0
Baylor Scheierman,scheiba01,BOS,77.0,20.0,1429.0,151.0,333.0,97.0,243.0,28.0,31.0,57.0,212.0,269.0,116.0,42.0,6.0,46.0,108.0,427.0
Scoot Henderson,hendesc01,POR,30.0,10.0,748.0,143.0,342.0,57.0,162.0,84.0,100.0,18.0,62.0,80.0,112.0,27.0,9.0,73.0,85.0,427.0
Vít Krejčí,krejcvi01,ATL,46.0,8.0,1028.0,143.0,308.0,101.0,239.0,27.0,36.0,19.0,78.0,97.0,68.0,37.0,13.0,30.0,108.0,414.0
Julian Strawther,strawju01,DEN,57.0,14.0,861.0,149.0,319.0,58.0,150.0,57.0,70.0,12.0,102.0,114.0,61.0,25.0,6.0,36.0,73.0,413.0
Rob Dillingham,dilliro01,2TM,65.0,0.0,970.0,163.0,412.0,42.0,133.0,41.0,55.0,19.0,112.0,131.0,143.0,47.0,6.0,100.0,114.0,409.0
Drake Powell,poweldr01,BRK,63.0,24.0,1320.0,144.0,358.0,51.0,182.0,69.0,77.0,21.0,90.0,111.0,91.0,36.0,14.0,60.0,89.0,408.0
Ryan Dunn,dunnry01,PHO,70.0,16.0,1355.0,164.0,362.0,56.0,169.0,23.0,47.0,99.0,198.0,297.0,102.0,60.0,29.0,56.0,130.0,407.0
Anthony Davis,davisan02,DAL,20.0,20.0,626.0,169.0,334.0,10.0,37.0,59.0,81.0,62.0,159.0,221.0,56.0,22.0,33.0,41.0,42.0,407.0
Andre Drummond,drumman01,PHI,63.0,25.0,1231.0,159.0,337.0,32.0,90.0,53.0,84.0,200.0,332.0,532.0,80.0,38.0,49.0,61.0,125.0,403.0
Ryan Nembhard,nembhry01,DAL,60.0,27.0,1171.0,162.0,390.0,48.0,135.0,25.0,31.0,13.0,120.0,133.0,316.0,25.0,2.0,85.0,86.0,397.0
Robert Williams,williro04,POR,59.0,1.0,1008.0,177.0,250.0,9.0,23.0,34.0,57.0,141.0,274.0,415.0,60.0,35.0,87.0,49.0,74.0,397.0
Javon Small,smallja01,MEM,41.0,12.0,830.0,134.0,288.0,60.0,142.0,68.0,82.0,36.0,92.0,128.0,151.0,34.0,9.0,56.0,65.0,396.0
Dru Smith,smithdr01,MIA,70.0,1.0,1141.0,135.0,325.0,38.0,129.0,87.0,105.0,62.0,111.0,173.0,180.0,100.0,21.0,55.0,109.0,395.0
Buddy Hield,hieldbu01,2TM,51.0,3.0,819.0,143.0,327.0,74.0,212.0,30.0,37.0,27.0,89.0,116.0,71.0,39.0,9.0,48.0,57.0,390.0
Ja Morant,moranja01,MEM,20.0,20.0,569.0,132.0,322.0,20.0,85.0,105.0,117.0,8.0,57.0,65.0,161.0,20.0,6.0,71.0,40.0,389.0
Justin Edwards,edwarju01,PHI,64.0,12.0,977.0,143.0,320.0,67.0,180.0,33.0,39.0,26.0,68.0,94.0,80.0,54.0,11.0,36.0,91.0,386.0
Marvin Bagley III,baglema01,WAS,38.0,8.0,731.0,154.0,246.0,8.0,19.0,69.0,97.0,97.0,119.0,216.0,56.0,20.0,27.0,44.0,78.0,385.0
Sidy Cissoko,cissosi01,POR,75.0,26.0,1435.0,133.0,334.0,59.0,198.0,58.0,88.0,62.0,104.0,166.0,110.0,52.0,25.0,70.0,183.0,383.0
Darius Garland,garlada01,LAC,19.0,17.0,552.0,139.0,295.0,63.0,144.0,37.0,43.0,6.0,38.0,44.0,121.0,22.0,5.0,57.0,36.0,378.0
Yves Missi,missiyv01,NOP,66.0,14.0,1297.0,160.0,294.0,0.0,1.0,57.0,102.0,183.0,202.0,385.0,84.0,20.0,101.0,54.0,113.0,377.0
Goga Bitadze,bitadgo01,ORL,64.0,3.0,972.0,152.0,225.0,2.0,11.0,69.0,97.0,137.0,183.0,320.0,84.0,37.0,61.0,43.0,136.0,375.0
Cam Thomas,thomaca02,BRK,24.0,8.0,582.0,123.0,308.0,38.0,117.0,91.0,108.0,9.0,34.0,43.0,74.0,4.0,2.0,48.0,31.0,375.0
Nae'Qwan Tomlin,tomlina01,CLE,64.0,3.0,1004.0,150.0,314.0,27.0,115.0,47.0,61.0,86.0,100.0,186.0,53.0,41.0,34.0,29.0,125.0,374.0
Guerschon Yabusele,yabusgu01,2TM,67.0,19.0,1007.0,125.0,312.0,69.0,196.0,54.0,72.0,56.0,178.0,234.0,63.0,26.0,16.0,41.0,81.0,373.0
Al Horford,horfoal01,GSW,45.0,13.0,969.0,138.0,324.0,74.0,205.0,22.0,26.0,44.0,175.0,219.0,116.0,30.0,51.0,42.0,51.0,372.0
Thomas Bryant,bryanth01,CLE,60.0,1.0,732.0,135.0,267.0,47.0,131.0,53.0,66.0,59.0,146.0,205.0,33.0,18.0,26.0,28.0,75.0,370.0
Isaiah Jackson,jacksis01,2TM,55.0,14.0,908.0,151.0,237.0,0.0,3.0,68.0,105.0,113.0,177.0,290.0,52.0,36.0,49.0,58.0,147.0,370.0
Jamir Watkins,watkija01,WAS,50.0,7.0,1032.0,132.0,296.0,47.0,158.0,57.0,82.0,49.0,145.0,194.0,67.0,54.0,25.0,40.0,129.0,368.0
Jordan Walsh,walshjo01,BOS,68.0,25.0,1212.0,136.0,267.0,48.0,125.0,44.0,57.0,85.0,187.0,272.0,54.0,49.0,31.0,35.0,137.0,364.0
Josh Minott,minotjo01,2TM,49.0,11.0,834.0,126.0,252.0,64.0,153.0,48.0,61.0,48.0,110.0,158.0,46.0,44.0,24.0,43.0,73.0,364.0
Luke Kennard,kennalu01,ATL,46.0,0.0,944.0,129.0,240.0,74.0,149.0,32.0,35.0,19.0,80.0,99.0,96.0,33.0,5.0,32.0,53.0,364.0
Kenrich Williams,willike04,OKC,56.0,2.0,855.0,140.0,296.0,50.0,129.0,33.0,52.0,59.0,128.0,187.0,79.0,31.0,5.0,43.0,59.0,363.0
Leonard Miller,millele01,2TM,46.0,12.0,719.0,145.0,262.0,32.0,99.0,39.0,53.0,54.0,127.0,181.0,40.0,17.0,15.0,36.0,65.0,361.0
Corey Kispert,kispeco01,ATL,39.0,8.0,710.0,125.0,275.0,57.0,161.0,51.0,63.0,21.0,67.0,88.0,60.0,8.0,6.0,31.0,40.0,358.0
Buddy Hield,hieldbu01,GSW,44.0,3.0,768.0,130.0,300.0,67.0,195.0,27.0,34.0,26.0,82.0,108.0,66.0,37.0,9.0,42.0,56.0,354.0
Josh Okogie,okogijo01,HOU,78.0,32.0,1354.0,125.0,294.0,62.0,161.0,41.0,69.0,81.0,119.0,200.0,69.0,63.0,16.0,41.0,107.0,353.0
Kobe Brown,brownko01,2TM,61.0,10.0,963.0,127.0,271.0,52.0,139.0,47.0,59.0,68.0,117.0,185.0,80.0,23.0,12.0,53.0,69.0,353.0
Spencer Jones,jonessp01,DEN,64.0,37.0,1417.0,132.0,262.0,57.0,144.0,31.0,51.0,75.0,134.0,209.0,51.0,52.0,29.0,31.0,175.0,352.0
Karlo Matković,matkoka01,NOP,62.0,2.0,912.0,142.0,235.0,38.0,90.0,30.0,41.0,72.0,157.0,229.0,50.0,25.0,54.0,34.0,105.0,352.0
Khris Middleton,middlkh01,WAS,34.0,34.0,827.0,130.0,300.0,33.0,99.0,58.0,69.0,30.0,104.0,134.0,111.0,26.0,9.0,57.0,86.0,351.0
Alex Caruso,carusal01,OKC,56.0,0.0,1020.0,127.0,300.0,53.0,181.0,41.0,51.0,28.0,127.0,155.0,110.0,72.0,17.0,48.0,68.0,348.0
Jayson Tatum,tatumja01,BOS,16.0,16.0,522.0,118.0,287.0,47.0,143.0,65.0,79.0,8.0,152.0,160.0,85.0,22.0,3.0,39.0,26.0,348.0
Trendon Watford,watfotr01,PHI,53.0,7.0,864.0,138.0,268.0,10.0,50.0,60.0,77.0,38.0,137.0,175.0,132.0,16.0,22.0,64.0,107.0,346.0
Ayo Dosunmu,dosunay01,MIN,24.0,9.0,694.0,136.0,261.0,36.0,87.0,37.0,40.0,14.0,87.0,101.0,85.0,24.0,6.0,35.0,52.0,345.0
Adem Bona,bonaad01,PHI,71.0,18.0,1234.0,131.0,220.0,2.0,6.0,80.0,113.0,128.0,179.0,307.0,32.0,30.0,82.0,56.0,153.0,344.0
Nikola Jović,jovicni01,MIA,47.0,1.0,808.0,115.0,314.0,45.0,167.0,69.0,101.0,25.0,128.0,153.0,102.0,26.0,17.0,65.0,65.0,344.0
Daeqwon Plowden,plowdda01,SAC,32.0,7.0,844.0,120.0,279.0,62.0,186.0,42.0,49.0,33.0,64.0,97.0,41.0,23.0,7.0,26.0,78.0,344.0
Jalen Wilson,wilsoja03,BRK,54.0,2.0,859.0,110.0,278.0,54.0,152.0,69.0,96.0,17.0,97.0,114.0,50.0,22.0,2.0,38.0,85.0,343.0
Mouhamed Gueye,gueyemo02,ATL,77.0,8.0,1179.0,131.0,290.0,40.0,130.0,40.0,62.0,89.0,186.0,275.0,69.0,61.0,39.0,33.0,127.0,342.0
Dean Wade,wadede01,CLE,59.0,38.0,1318.0,122.0,278.0,71.0,196.0,27.0,38.0,53.0,194.0,247.0,88.0,44.0,23.0,16.0,90.0,342.0
Mitchell Robinson,robinmi01,NYK,60.0,16.0,1175.0,149.0,206.0,0.0,0.0,42.0,103.0,252.0,273.0,525.0,52.0,56.0,70.0,41.0,127.0,340.0
Bryce McGowens,mcgowbr01,NOP,42.0,13.0,880.0,114.0,237.0,38.0,93.0,74.0,95.0,12.0,76.0,88.0,62.0,27.0,9.0,17.0,88.0,340.0
Jevon Carter,carteje01,2TM,53.0,1.0,867.0,123.0,307.0,78.0,215.0,15.0,19.0,14.0,75.0,89.0,87.0,40.0,10.0,36.0,57.0,339.0
Devin Carter,cartede02,SAC,38.0,12.0,700.0,121.0,292.0,30.0,114.0,67.0,94.0,36.0,89.0,125.0,101.0,34.0,9.0,54.0,50.0,339.0
Jericho Sims,simsje01,MIL,67.0,19.0,1318.0,145.0,185.0,0.0,0.0,44.0,71.0,147.0,223.0,370.0,104.0,19.0,17.0,75.0,146.0,334.0
Sharife Cooper,coopesh01,WAS,41.0,1.0,700.0,127.0,247.0,29.0,76.0,50.0,60.0,18.0,68.0,86.0,124.0,16.0,5.0,61.0,61.0,333.0
Rayan Rupert,ruperra01,2TM,64.0,8.0,1072.0,123.0,313.0,44.0,136.0,42.0,54.0,48.0,140.0,188.0,68.0,55.0,9.0,55.0,124.0,332.0
Ben Saraf,sarafbe01,BRK,44.0,11.0,916.0,120.0,303.0,19.0,90.0,73.0,88.0,20.0,72.0,92.0,145.0,38.0,8.0,99.0,81.0,332.0
Kris Murray,murrakr01,POR,57.0,15.0,1333.0,129.0,276.0,34.0,122.0,39.0,57.0,90.0,116.0,206.0,81.0,51.0,22.0,47.0,92.0,331.0
Ousmane Dieng,diengou01,MIL,30.0,20.0,804.0,130.0,307.0,45.0,136.0,26.0,39.0,21.0,117.0,138.0,108.0,23.0,10.0,67.0,56.0,331.0
Kasparas Jakučionis,jakucka01,MIA,53.0,12.0,945.0,102.0,238.0,66.0,156.0,58.0,66.0,43.0,95.0,138.0,137.0,33.0,7.0,50.0,99.0,328.0
Coby White,whiteco01,CHO,21.0,0.0,406.0,106.0,230.0,43.0,110.0,73.0,87.0,10.0,52.0,62.0,64.0,5.0,3.0,40.0,40.0,328.0
Jose Alvarado,alvarjo01,NOP,41.0,0.0,896.0,117.0,280.0,70.0,193.0,20.0,24.0,16.0,98.0,114.0,128.0,37.0,4.0,47.0,80.0,324.0
Anthony Gill,gillan01,WAS,55.0,8.0,951.0,135.0,215.0,17.0,48.0,34.0,46.0,58.0,100.0,158.0,69.0,31.0,21.0,36.0,88.0,321.0
Keegan Murray,murrake02,SAC,23.0,22.0,793.0,126.0,300.0,31.0,112.0,38.0,49.0,33.0,99.0,132.0,38.0,24.0,36.0,27.0,42.0,321.0
Leonard Miller,millele01,CHI,27.0,12.0,624.0,127.0,229.0,31.0,87.0,32.0,42.0,47.0,109.0,156.0,35.0,13.0,15.0,27.0,53.0,317.0
Jaden Ivey,iveyja01,2TM,37.0,5.0,670.0,114.0,256.0,50.0,134.0,38.0,47.0,24.0,67.0,91.0,68.0,23.0,14.0,41.0,53.0,316.0
Ochai Agbaji,agbajoc01,2TM,62.0,13.0,973.0,122.0,280.0,34.0,128.0,36.0,43.0,46.0,95.0,141.0,47.0,24.0,17.0,31.0,93.0,314.0
Jared McCain,mccaija01,OKC,30.0,2.0,540.0,115.0,249.0,54.0,138.0,29.0,34.0,17.0,45.0,62.0,28.0,13.0,3.0,26.0,38.0,313.0
Aaron Holiday,holidaa01,HOU,57.0,1.0,781.0,105.0,252.0,67.0,170.0,35.0,41.0,13.0,45.0,58.0,60.0,27.0,5.0,38.0,72.0,312.0
Walter Clayton,claytwa01,UTA,45.0,0.0,811.0,102.0,256.0,44.0,143.0,58.0,62.0,15.0,73.0,88.0,143.0,24.0,12.0,57.0,78.0,306.0
Jett Howard,howarje01,ORL,55.0,0.0,695.0,105.0,251.0,54.0,145.0,37.0,39.0,23.0,64.0,87.0,45.0,10.0,11.0,15.0,66.0,301.0
Domantas Sabonis,sabondo01,SAC,19.0,15.0,564.0,120.0,221.0,5.0,27.0,56.0,77.0,64.0,152.0,216.0,78.0,18.0,4.0,51.0,66.0,301.0
Vince Williams Jr.,willivi01,2TM,40.0,12.0,820.0,103.0,292.0,55.0,177.0,39.0,50.0,39.0,116.0,155.0,166.0,29.0,16.0,70.0,80.0,300.0
Carter Bryant,bryanca01,SAS,71.0,0.0,818.0,108.0,265.0,52.0,155.0,30.0,42.0,38.0,140.0,178.0,47.0,16.0,23.0,33.0,94.0,298.0
Ty Jerome,jeromty01,MEM,15.0,15.0,339.0,102.0,215.0,42.0,100.0,49.0,56.0,11.0,31.0,42.0,85.0,16.0,4.0,27.0,31.0,295.0
Nicolas Batum,batumni01,LAC,74.0,6.0,1295.0,96.0,238.0,92.0,228.0,9.0,11.0,23.0,161.0,184.0,64.0,47.0,23.0,37.0,100.0,293.0
Tre Mann,manntr01,CHO,53.0,1.0,669.0,109.0,303.0,50.0,155.0,23.0,27.0,20.0,72.0,92.0,86.0,25.0,5.0,54.0,69.0,291.0
Kristaps Porziņģis,porzikr01,ATL,17.0,12.0,413.0,96.0,210.0,31.0,86.0,68.0,81.0,21.0,66.0,87.0,46.0,9.0,22.0,16.0,54.0,291.0
Tyrese Martin,martity01,2TM,46.0,6.0,777.0,109.0,277.0,53.0,165.0,19.0,28.0,34.0,82.0,116.0,78.0,25.0,6.0,40.0,33.0,290.0
Jaden Hardy,hardyja02,WAS,23.0,0.0,470.0,104.0,235.0,58.0,138.0,24.0,35.0,4.0,35.0,39.0,29.0,7.0,4.0,35.0,50.0,290.0
Hugo González,gonzahu01,BOS,74.0,3.0,1084.0,117.0,246.0,42.0,116.0,13.0,26.0,62.0,184.0,246.0,40.0,42.0,21.0,38.0,124.0,289.0
Craig Porter Jr.,portecr01,CLE,64.0,3.0,1148.0,116.0,258.0,33.0,93.0,24.0,40.0,85.0,135.0,220.0,205.0,57.0,38.0,59.0,70.0,289.0
Khris Middleton,middlkh01,DAL,29.0,16.0,612.0,97.0,240.0,34.0,87.0,61.0,67.0,21.0,76.0,97.0,65.0,15.0,0.0,51.0,58.0,289.0
Jarred Vanderbilt,vandeja01,LAL,65.0,3.0,1128.0,113.0,240.0,29.0,99.0,33.0,56.0,80.0,212.0,292.0,84.0,55.0,19.0,56.0,104.0,288.0
Luke Kennard,kennalu01,LAL,32.0,6.0,737.0,107.0,203.0,43.0,96.0,31.0,34.0,13.0,70.0,83.0,78.0,22.0,3.0,28.0,48.0,288.0
Rob Dillingham,dilliro01,CHI,30.0,0.0,644.0,116.0,271.0,30.0,100.0,26.0,35.0,14.0,76.0,90.0,85.0,28.0,3.0,64.0,78.0,288.0
Clint Capela,capelca01,HOU,75.0,3.0,926.0,118.0,227.0,1.0,2.0,45.0,78.0,160.0,185.0,345.0,50.0,36.0,63.0,41.0,74.0,282.0
Obi Toppin,toppiob01,IND,24.0,3.0,424.0,100.0,199.0,37.0,105.0,42.0,46.0,13.0,93.0,106.0,55.0,12.0,1.0,28.0,28.0,279.0
Jabari Walker,walkeja01,PHI,64.0,6.0,762.0,97.0,213.0,32.0,95.0,50.0,68.0,72.0,120.0,192.0,34.0,23.0,13.0,27.0,103.0,276.0
Nick Richards,richani01,2TM,48.0,6.0,701.0,103.0,201.0,5.0,18.0,65.0,101.0,77.0,166.0,243.0,16.0,10.0,32.0,59.0,88.0,276.0
Jaylen Clark,clarkja02,MIN,68.0,1.0,888.0,99.0,228.0,33.0,101.0,44.0,67.0,54.0,66.0,120.0,43.0,47.0,9.0,23.0,87.0,275.0
Taylor Hendricks,hendrta01,MEM,26.0,11.0,626.0,105.0,227.0,39.0,114.0,26.0,40.0,36.0,86.0,122.0,31.0,37.0,22.0,30.0,59.0,275.0
Tyler Kolek,kolekty01,NYK,62.0,1.0,727.0,108.0,248.0,44.0,114.0,14.0,20.0,16.0,82.0,98.0,170.0,22.0,4.0,55.0,65.0,274.0
Tyrese Proctor,proctty01,CLE,50.0,1.0,545.0,93.0,225.0,46.0,131.0,40.0,45.0,11.0,53.0,64.0,74.0,25.0,0.0,40.0,59.0,272.0
Vince Williams Jr.,willivi01,MEM,34.0,12.0,736.0,93.0,264.0,49.0,159.0,37.0,46.0,34.0,102.0,136.0,150.0,27.0,14.0,63.0,71.0,272.0
Tyrese Martin,martity01,BRK,37.0,6.0,696.0,100.0,255.0,51.0,152.0,19.0,26.0,32.0,74.0,106.0,69.0,22.0,4.0,33.0,30.0,270.0
Jaden Ivey,iveyja01,DET,33.0,2.0,555.0,99.0,220.0,42.0,113.0,30.0,38.0,19.0,53.0,72.0,52.0,15.0,12.0,35.0,44.0,270.0
Trae Young,youngtr01,2TM,15.0,15.0,384.0,81.0,177.0,27.0,80.0,80.0,97.0,4.0,26.0,30.0,120.0,13.0,2.0,39.0,33.0,269.0
Kyle Anderson,anderky01,3TM,43.0,5.0,853.0,107.0,202.0,4.0,11.0,48.0,68.0,42.0,108.0,150.0,126.0,45.0,26.0,39.0,96.0,266.0
D'Angelo Russell,russeda01,DAL,26.0,3.0,495.0,94.0,232.0,33.0,112.0,43.0,60.0,8.0,53.0,61.0,104.0,12.0,2.0,49.0,30.0,264.0
Jamaree Bouyea,bouyeja01,PHO,46.0,1.0,644.0,108.0,236.0,23.0,78.0,24.0,35.0,18.0,64.0,82.0,82.0,29.0,16.0,30.0,38.0,263.0
Micah Peavy,peavymi01,NOP,61.0,4.0,913.0,106.0,275.0,28.0,108.0,22.0,29.0,46.0,71.0,117.0,61.0,43.0,9.0,20.0,96.0,262.0
Guerschon Yabusele,yabusgu01,CHI,26.0,19.0,641.0,83.0,205.0,49.0,128.0,46.0,60.0,32.0,115.0,147.0,45.0,20.0,11.0,26.0,45.0,261.0
Jalen Pickett,pickeja02,DEN,50.0,18.0,807.0,98.0,232.0,49.0,127.0,15.0,19.0,18.0,96.0,114.0,115.0,13.0,5.0,34.0,42.0,260.0
Jordan Hawkins,hawkijo01,NOP,51.0,1.0,692.0,94.0,257.0,47.0,135.0,23.0,27.0,20.0,68.0,88.0,42.0,13.0,10.0,34.0,30.0,258.0
Pete Nance,nancepe01,MIL,47.0,6.0,737.0,100.0,194.0,50.0,119.0,4.0,11.0,27.0,98.0,125.0,48.0,14.0,14.0,26.0,62.0,254.0
Kobe Brown,brownko01,IND,27.0,10.0,668.0,94.0,187.0,39.0,90.0,26.0,33.0,50.0,82.0,132.0,53.0,14.0,10.0,38.0,53.0,253.0
Grant Williams,willigr01,CHO,36.0,3.0,711.0,78.0,183.0,52.0,134.0,44.0,54.0,46.0,96.0,142.0,56.0,17.0,18.0,31.0,56.0,252.0
Josh Green,greenjo02,CHO,58.0,0.0,908.0,83.0,181.0,58.0,138.0,25.0,28.0,45.0,57.0,102.0,47.0,35.0,6.0,35.0,64.0,249.0
John Konchar,konchjo01,2TM,56.0,8.0,1115.0,94.0,199.0,28.0,99.0,32.0,44.0,74.0,166.0,240.0,118.0,83.0,38.0,35.0,79.0,248.0
Kevin Love,loveke01,UTA,37.0,5.0,613.0,79.0,199.0,53.0,142.0,37.0,44.0,55.0,160.0,215.0,67.0,14.0,9.0,30.0,54.0,248.0
Moritz Wagner,wagnemo01,ORL,36.0,0.0,427.0,83.0,195.0,22.0,70.0,59.0,72.0,27.0,88.0,115.0,27.0,15.0,2.0,19.0,58.0,247.0
Mohamed Diawara,diawamo01,NYK,69.0,7.0,634.0,90.0,213.0,48.0,130.0,18.0,24.0,15.0,79.0,94.0,53.0,17.0,6.0,30.0,50.0,246.0
Dennis Schröder,schrode01,CLE,30.0,3.0,641.0,83.0,207.0,18.0,62.0,62.0,72.0,11.0,57.0,68.0,130.0,23.0,5.0,45.0,43.0,246.0
Mike Conley,conlemi01,MIN,54.0,15.0,991.0,72.0,215.0,56.0,166.0,45.0,50.0,18.0,75.0,93.0,157.0,35.0,14.0,34.0,84.0,245.0
Jared McCain,mccaija01,PHI,37.0,1.0,620.0,89.0,231.0,45.0,119.0,22.0,25.0,6.0,69.0,75.0,62.0,22.0,2.0,30.0,43.0,245.0
Isaiah Jackson,jacksis01,IND,38.0,14.0,638.0,96.0,165.0,0.0,1.0,51.0,74.0,86.0,125.0,211.0,31.0,26.0,29.0,43.0,108.0,243.0
Branden Carlson,carlsbr01,OKC,42.0,4.0,488.0,98.0,186.0,31.0,86.0,15.0,26.0,29.0,95.0,124.0,29.0,8.0,27.0,16.0,36.0,242.0
Marvin Bagley III,baglema01,DAL,22.0,4.0,470.0,100.0,165.0,16.0,33.0,26.0,47.0,53.0,97.0,150.0,29.0,8.0,16.0,17.0,45.0,242.0
Jonathan Kuminga,kuminjo01,GSW,20.0,13.0,476.0,88.0,194.0,17.0,53.0,49.0,66.0,29.0,88.0,117.0,50.0,8.0,6.0,46.0,33.0,242.0
Kristaps Porziņģis,porzikr01,GSW,15.0,11.0,356.0,77.0,178.0,23.0,74.0,65.0,77.0,19.0,61.0,80.0,35.0,9.0,16.0,25.0,38.0,242.0
Terrence Shannon Jr.,shannte01,MIN,43.0,2.0,538.0,77.0,171.0,31.0,76.0,56.0,70.0,10.0,39.0,49.0,38.0,14.0,1.0,24.0,50.0,241.0
Keon Ellis,elliske01,CLE,29.0,6.0,720.0,86.0,175.0,38.0,107.0,31.0,38.0,23.0,57.0,80.0,46.0,37.0,24.0,20.0,65.0,241.0
Jase Richardson,richaja02,ORL,54.0,0.0,587.0,89.0,188.0,28.0,79.0,33.0,46.0,21.0,42.0,63.0,58.0,19.0,2.0,25.0,53.0,239.0
Keon Ellis,elliske01,SAC,43.0,5.0,758.0,83.0,209.0,53.0,144.0,20.0,32.0,15.0,40.0,55.0,26.0,46.0,22.0,21.0,69.0,239.0
Taurean Prince,princta02,MIL,26.0,7.0,611.0,86.0,191.0,61.0,140.0,6.0,6.0,4.0,77.0,81.0,46.0,16.0,6.0,31.0,48.0,239.0
Rasheer Fleming,flemira01,PHO,55.0,1.0,673.0,87.0,215.0,45.0,130.0,19.0,34.0,57.0,67.0,124.0,16.0,22.0,21.0,29.0,64.0,238.0
Dylan Cardwell,cardwdy01,SAC,44.0,1.0,907.0,105.0,179.0,2.0,4.0,26.0,51.0,147.0,185.0,332.0,62.0,30.0,67.0,39.0,161.0,238.0
Cole Anthony,anthoco01,MIL,35.0,0.0,527.0,98.0,231.0,22.0,72.0,16.0,26.0,16.0,71.0,87.0,121.0,20.0,11.0,65.0,73.0,234.0
Dejounte Murray,murrade01,NOP,14.0,14.0,389.0,88.0,182.0,19.0,62.0,39.0,45.0,4.0,71.0,75.0,89.0,23.0,3.0,47.0,33.0,234.0
Jaden Hardy,hardyja02,DAL,34.0,4.0,428.0,78.0,194.0,46.0,124.0,31.0,40.0,11.0,36.0,47.0,29.0,9.0,2.0,27.0,39.0,233.0
Walter Clayton,claytwa01,MEM,24.0,6.0,599.0,75.0,205.0,31.0,101.0,51.0,59.0,10.0,41.0,51.0,136.0,20.0,7.0,59.0,41.0,232.0
Gabe Vincent,vincega01,2TM,53.0,7.0,879.0,76.0,216.0,59.0,173.0,20.0,23.0,17.0,37.0,54.0,76.0,27.0,3.0,27.0,79.0,231.0
Dalton Knecht,knechda01,LAL,54.0,1.0,553.0,87.0,191.0,38.0,111.0,16.0,22.0,14.0,61.0,75.0,21.0,11.0,11.0,23.0,45.0,228.0
Noah Penda,pendano01,ORL,59.0,2.0,757.0,82.0,203.0,30.0,93.0,33.0,48.0,67.0,120.0,187.0,70.0,30.0,18.0,42.0,70.0,227.0
Caleb Martin,martica02,DAL,58.0,12.0,856.0,85.0,189.0,20.0,57.0,37.0,61.0,28.0,115.0,143.0,81.0,40.0,15.0,40.0,86.0,227.0
Asa Newell,newelas01,ATL,44.0,2.0,500.0,91.0,169.0,29.0,75.0,16.0,29.0,44.0,52.0,96.0,26.0,16.0,15.0,23.0,65.0,227.0
Ethan Thompson,thompet01,IND,32.0,13.0,653.0,74.0,196.0,38.0,116.0,37.0,47.0,17.0,52.0,69.0,57.0,20.0,9.0,25.0,69.0,223.0
Tidjane Salaün,salauti01,CHO,37.0,0.0,575.0,80.0,159.0,36.0,83.0,26.0,40.0,26.0,123.0,149.0,27.0,16.0,7.0,26.0,54.0,222.0
Drew Eubanks,eubandr01,SAC,42.0,11.0,552.0,93.0,156.0,1.0,7.0,32.0,57.0,39.0,88.0,127.0,19.0,15.0,26.0,30.0,57.0,219.0
Jamal Cain,cainja01,ORL,40.0,1.0,486.0,74.0,152.0,28.0,73.0,39.0,46.0,28.0,50.0,78.0,29.0,11.0,4.0,19.0,53.0,215.0
Jevon Carter,carteje01,ORL,30.0,1.0,613.0,82.0,204.0,46.0,137.0,5.0,9.0,9.0,54.0,63.0,68.0,27.0,8.0,25.0,38.0,215.0
Kevin Huerter,huertke01,DET,25.0,3.0,512.0,85.0,192.0,30.0,102.0,14.0,15.0,11.0,60.0,71.0,62.0,28.0,7.0,23.0,30.0,214.0
Oscar Tshiebwe,tshieos01,UTA,27.0,6.0,448.0,92.0,145.0,0.0,0.0,27.0,49.0,77.0,102.0,179.0,32.0,16.0,5.0,21.0,39.0,211.0
Dwight Powell,poweldw01,DAL,63.0,12.0,904.0,65.0,101.0,2.0,7.0,78.0,112.0,96.0,161.0,257.0,68.0,34.0,21.0,41.0,133.0,210.0
Jock Landale,landajo01,ATL,23.0,2.0,446.0,82.0,159.0,25.0,64.0,20.0,37.0,42.0,53.0,95.0,40.0,10.0,14.0,14.0,48.0,209.0
Tyus Jones,jonesty01,3TM,67.0,12.0,979.0,76.0,218.0,40.0,137.0,7.0,9.0,12.0,64.0,76.0,159.0,37.0,3.0,25.0,31.0,199.0
Marcus Sasser,sassema01,DET,38.0,5.0,457.0,69.0,177.0,44.0,106.0,15.0,18.0,7.0,32.0,39.0,75.0,20.0,4.0,31.0,41.0,197.0
Jonathan Kuminga,kuminjo01,ATL,16.0,1.0,354.0,69.0,145.0,18.0,52.0,40.0,57.0,20.0,65.0,85.0,33.0,14.0,5.0,21.0,22.0,196.0
Rayan Rupert,ruperra01,MEM,16.0,8.0,495.0,70.0,166.0,22.0,65.0,33.0,40.0,25.0,77.0,102.0,34.0,26.0,7.0,27.0,64.0,195.0
Cam Whitmore,whitmca01,WAS,21.0,0.0,354.0,77.0,169.0,16.0,56.0,23.0,31.0,19.0,39.0,58.0,15.0,15.0,8.0,18.0,25.0,193.0
Trae Young,youngtr01,ATL,10.0,10.0,280.0,56.0,135.0,18.0,59.0,63.0,73.0,0.0,15.0,15.0,89.0,10.0,1.0,26.0,20.0,193.0
Jamison Battle,battlja01,TOR,61.0,2.0,517.0,74.0,145.0,35.0,85.0,9.0,14.0,20.0,69.0,89.0,24.0,7.0,3.0,19.0,42.0,192.0
Josh Minott,minotjo01,BOS,33.0,10.0,526.0,69.0,136.0,34.0,77.0,20.0,26.0,40.0,78.0,118.0,33.0,24.0,12.0,20.0,51.0,192.0
Jahmai Mashack,mashaja01,MEM,31.0,7.0,673.0,77.0,195.0,19.0,75.0,19.0,35.0,23.0,58.0,81.0,69.0,37.0,14.0,49.0,67.0,192.0
Cam Thomas,thomaca02,MIL,18.0,0.0,299.0,66.0,153.0,14.0,51.0,46.0,61.0,2.0,26.0,28.0,34.0,5.0,2.0,26.0,12.0,192.0
Zeke Nnaji,nnajize01,DEN,52.0,4.0,626.0,71.0,151.0,14.0,54.0,34.0,44.0,33.0,103.0,136.0,29.0,17.0,24.0,27.0,71.0,190.0
Tyson Etienne,etienty01,BRK,24.0,2.0,380.0,58.0,145.0,43.0,108.0,30.0,36.0,5.0,22.0,27.0,40.0,11.0,0.0,16.0,47.0,189.0
Steven Adams,adamsst01,HOU,32.0,11.0,730.0,70.0,139.0,0.0,0.0,47.0,81.0,145.0,131.0,276.0,48.0,22.0,20.0,35.0,55.0,187.0
Nick Richards,richani01,CHI,20.0,4.0,447.0,68.0,130.0,5.0,18.0,46.0,73.0,42.0,110.0,152.0,8.0,6.0,18.0,34.0,49.0,187.0
Keaton Wallace,wallake01,ATL,53.0,3.0,536.0,68.0,171.0,38.0,102.0,12.0,18.0,3.0,53.0,56.0,94.0,24.0,5.0,28.0,48.0,186.0
Jose Alvarado,alvarjo01,NYK,28.0,3.0,474.0,70.0,169.0,31.0,94.0,15.0,22.0,10.0,47.0,57.0,106.0,29.0,4.0,30.0,49.0,186.0
Nick Smith Jr.,smithni01,LAL,30.0,1.0,375.0,70.0,161.0,34.0,86.0,11.0,15.0,3.0,20.0,23.0,31.0,9.0,2.0,21.0,28.0,185.0
Trayce Jackson-Davis,jackstr02,2TM,53.0,1.0,496.0,71.0,124.0,1.0,1.0,38.0,74.0,66.0,79.0,145.0,39.0,17.0,24.0,22.0,45.0,181.0
Ochai Agbaji,agbajoc01,TOR,42.0,13.0,650.0,72.0,170.0,12.0,65.0,25.0,29.0,33.0,62.0,95.0,30.0,17.0,11.0,19.0,75.0,181.0
Johnny Furphy,furphjo01,IND,35.0,21.0,643.0,70.0,149.0,23.0,71.0,17.0,35.0,32.0,121.0,153.0,41.0,20.0,7.0,29.0,65.0,180.0
Elijah Harkless,harklej01,UTA,26.0,9.0,545.0,54.0,161.0,21.0,88.0,49.0,64.0,10.0,43.0,53.0,75.0,31.0,6.0,26.0,52.0,178.0
Dalen Terry,terryda01,2TM,48.0,0.0,551.0,68.0,155.0,24.0,66.0,16.0,30.0,26.0,60.0,86.0,66.0,29.0,15.0,26.0,49.0,176.0
Yanic Konan Niederhäuser,konanya01,LAC,41.0,0.0,424.0,64.0,100.0,1.0,5.0,47.0,62.0,37.0,80.0,117.0,12.0,5.0,30.0,23.0,66.0,176.0
Matisse Thybulle,thybuma01,POR,30.0,0.0,480.0,58.0,134.0,37.0,93.0,21.0,25.0,17.0,42.0,59.0,27.0,60.0,16.0,28.0,43.0,174.0
Corey Kispert,kispeco01,WAS,19.0,2.0,370.0,59.0,119.0,30.0,76.0,26.0,34.0,6.0,38.0,44.0,32.0,8.0,3.0,14.0,20.0,174.0
Josh Minott,minotjo01,BRK,16.0,1.0,308.0,57.0,116.0,30.0,76.0,28.0,35.0,8.0,32.0,40.0,13.0,20.0,12.0,23.0,22.0,172.0
Taelon Peter,peterta01,IND,38.0,0.0,492.0,60.0,158.0,41.0,125.0,10.0,16.0,10.0,49.0,59.0,40.0,26.0,4.0,27.0,38.0,171.0
Bogdan Bogdanović,bogdabo01,LAC,23.0,3.0,452.0,59.0,152.0,33.0,95.0,20.0,25.0,6.0,53.0,59.0,51.0,10.0,3.0,27.0,46.0,171.0
Moussa Cisse,cissemo01,DAL,38.0,1.0,530.0,66.0,115.0,0.0,0.0,38.0,81.0,89.0,127.0,216.0,9.0,19.0,45.0,30.0,73.0,170.0
Blake Hinson,hinsobl01,UTA,14.0,3.0,285.0,59.0,115.0,37.0,79.0,12.0,16.0,11.0,22.0,33.0,16.0,5.0,2.0,5.0,24.0,167.0
Kennedy Chandler,chandke01,UTA,11.0,2.0,355.0,61.0,137.0,15.0,38.0,28.0,43.0,6.0,31.0,37.0,74.0,11.0,2.0,23.0,23.0,165.0
Doug McDermott,mcderdo01,SAC,29.0,0.0,439.0,54.0,139.0,48.0,123.0,8.0,9.0,7.0,30.0,37.0,22.0,6.0,4.0,13.0,28.0,164.0
Myron Gardner,gardnmy01,MIA,45.0,7.0,411.0,59.0,123.0,26.0,64.0,19.0,26.0,39.0,83.0,122.0,44.0,20.0,8.0,17.0,78.0,163.0
Taylor Hendricks,hendrta01,UTA,33.0,6.0,492.0,58.0,128.0,24.0,70.0,23.0,32.0,29.0,70.0,99.0,24.0,13.0,8.0,20.0,40.0,163.0
Cameron Payne,payneca01,PHI,22.0,1.0,374.0,56.0,149.0,32.0,97.0,19.0,22.0,3.0,41.0,44.0,58.0,24.0,7.0,11.0,30.0,163.0
Tony Bradley,bradlto01,2TM,41.0,4.0,450.0,64.0,117.0,2.0,4.0,32.0,43.0,60.0,56.0,116.0,22.0,6.0,7.0,18.0,62.0,162.0
Kam Jones,joneska03,IND,37.0,7.0,616.0,68.0,169.0,22.0,75.0,4.0,8.0,15.0,45.0,60.0,119.0,18.0,0.0,36.0,39.0,162.0
AJ Johnson,johnsaj01,2TM,48.0,0.0,454.0,57.0,176.0,12.0,57.0,34.0,40.0,14.0,41.0,55.0,47.0,11.0,3.0,30.0,30.0,160.0
Lonzo Ball,balllo01,CLE,35.0,3.0,728.0,53.0,176.0,40.0,147.0,14.0,21.0,26.0,114.0,140.0,136.0,45.0,9.0,52.0,46.0,160.0
Jeremy Sochan,sochaje01,2TM,44.0,0.0,469.0,64.0,129.0,11.0,45.0,19.0,26.0,37.0,70.0,107.0,40.0,17.0,7.0,21.0,62.0,158.0
Cormac Ryan,ryanco01,MIL,11.0,2.0,271.0,53.0,102.0,27.0,59.0,24.0,26.0,8.0,20.0,28.0,19.0,11.0,3.0,17.0,27.0,157.0
Cam Christie,chrisca02,LAC,55.0,0.0,480.0,53.0,139.0,12.0,49.0,38.0,50.0,19.0,59.0,78.0,31.0,16.0,3.0,22.0,19.0,156.0
Joan Beringer,berinjo01,MIN,40.0,3.0,314.0,65.0,98.0,0.0,0.0,26.0,37.0,45.0,47.0,92.0,12.0,7.0,26.0,11.0,47.0,156.0
Nikola Vučević,vucevni01,BOS,16.0,1.0,338.0,61.0,139.0,18.0,53.0,15.0,19.0,25.0,81.0,106.0,32.0,7.0,10.0,16.0,30.0,155.0
Julian Reese,reeseju01,WAS,13.0,10.0,402.0,63.0,119.0,0.0,0.0,28.0,44.0,55.0,82.0,137.0,24.0,18.0,8.0,32.0,42.0,154.0
John Konchar,konchjo01,UTA,26.0,7.0,680.0,57.0,128.0,15.0,60.0,24.0,31.0,54.0,94.0,148.0,78.0,52.0,25.0,21.0,49.0,153.0
Tony Bradley,bradlto01,IND,38.0,3.0,416.0,59.0,106.0,1.0,2.0,32.0,43.0,56.0,51.0,107.0,20.0,6.0,7.0,17.0,60.0,151.0
Trayce Jackson-Davis,jackstr02,GSW,36.0,1.0,411.0,60.0,102.0,1.0,1.0,29.0,52.0,47.0,65.0,112.0,32.0,13.0,19.0,18.0,40.0,150.0
Zach Edey,edeyza01,MEM,11.0,11.0,284.0,62.0,98.0,1.0,5.0,25.0,32.0,43.0,79.0,122.0,12.0,7.0,21.0,26.0,37.0,150.0
Amir Coffey,coffeam01,2TM,46.0,3.0,490.0,55.0,113.0,17.0,49.0,22.0,28.0,19.0,38.0,57.0,27.0,9.0,5.0,9.0,30.0,149.0
Blake Wesley,weslebl01,POR,31.0,0.0,361.0,56.0,124.0,10.0,36.0,26.0,47.0,8.0,31.0,39.0,62.0,16.0,5.0,31.0,34.0,148.0
LJ Cryer,cryerlj01,GSW,18.0,1.0,292.0,47.0,117.0,37.0,94.0,17.0,19.0,4.0,24.0,28.0,18.0,3.0,0.0,14.0,28.0,148.0
E.J. Liddell,liddeej01,BRK,26.0,5.0,349.0,54.0,111.0,18.0,52.0,21.0,26.0,14.0,55.0,69.0,24.0,6.0,10.0,15.0,45.0,147.0
Tyus Jones,jonesty01,ORL,48.0,8.0,754.0,54.0,158.0,30.0,102.0,6.0,6.0,9.0,44.0,53.0,116.0,33.0,3.0,14.0,25.0,144.0
Kyle Anderson,anderky01,UTA,20.0,0.0,401.0,57.0,109.0,3.0,5.0,25.0,38.0,19.0,47.0,66.0,61.0,23.0,10.0,17.0,46.0,142.0
Julian Phillips,phillju01,2TM,48.0,2.0,428.0,51.0,121.0,20.0,65.0,18.0,23.0,23.0,26.0,49.0,10.0,22.0,7.0,11.0,43.0,140.0
Khaman Maluach,maluakh01,PHO,46.0,1.0,411.0,56.0,105.0,5.0,21.0,22.0,31.0,49.0,84.0,133.0,6.0,5.0,33.0,25.0,43.0,139.0
Chaney Johnson,johnsch06,BRK,17.0,1.0,348.0,51.0,94.0,9.0,30.0,28.0,35.0,33.0,46.0,79.0,36.0,15.0,9.0,20.0,51.0,139.0
Gabe Vincent,vincega01,LAL,29.0,7.0,559.0,45.0,130.0,38.0,103.0,10.0,11.0,7.0,20.0,27.0,37.0,14.0,1.0,12.0,53.0,138.0
Rayan Rupert,ruperra01,POR,48.0,0.0,577.0,53.0,147.0,22.0,71.0,9.0,14.0,23.0,63.0,86.0,34.0,29.0,2.0,28.0,60.0,137.0
Keshad Johnson,johnske10,MIA,32.0,0.0,280.0,51.0,104.0,13.0,44.0,21.0,29.0,26.0,36.0,62.0,8.0,15.0,8.0,13.0,28.0,136.0
Vít Krejčí,krejcvi01,POR,19.0,0.0,364.0,49.0,121.0,27.0,89.0,11.0,15.0,12.0,39.0,51.0,32.0,10.0,5.0,11.0,30.0,136.0
Jonathan Isaac,isaacjo01,ORL,52.0,0.0,521.0,46.0,109.0,7.0,38.0,35.0,58.0,43.0,89.0,132.0,22.0,20.0,31.0,18.0,41.0,134.0
Max Strus,strusma01,CLE,12.0,5.0,288.0,47.0,106.0,33.0,82.0,7.0,9.0,9.0,56.0,65.0,24.0,3.0,0.0,9.0,34.0,134.0
Kelly Olynyk,olynyke01,SAS,42.0,0.0,360.0,47.0,96.0,12.0,47.0,27.0,38.0,24.0,52.0,76.0,49.0,15.0,3.0,24.0,39.0,133.0
Ochai Agbaji,agbajoc01,BRK,20.0,0.0,323.0,50.0,110.0,22.0,63.0,11.0,14.0,13.0,33.0,46.0,17.0,7.0,6.0,12.0,18.0,133.0
Liam McNeeley,mcneeli01,CHO,31.0,0.0,368.0,38.0,95.0,24.0,60.0,32.0,39.0,13.0,60.0,73.0,24.0,5.0,3.0,13.0,36.0,132.0
Larry Nance Jr.,nancela02,CLE,35.0,3.0,449.0,52.0,124.0,21.0,63.0,6.0,13.0,29.0,64.0,93.0,34.0,21.0,6.0,20.0,55.0,131.0
Jae'Sean Tate,tateja01,HOU,46.0,1.0,405.0,56.0,109.0,10.0,32.0,7.0,11.0,33.0,40.0,73.0,25.0,10.0,3.0,16.0,48.0,129.0
Tyler Burton,burtoty01,MEM,12.0,0.0,307.0,42.0,112.0,22.0,66.0,23.0,27.0,8.0,42.0,50.0,12.0,11.0,4.0,11.0,31.0,129.0
Gary Harris,harriga01,MIL,48.0,2.0,661.0,46.0,104.0,28.0,68.0,8.0,9.0,16.0,45.0,61.0,51.0,27.0,9.0,19.0,53.0,128.0
Malaki Branham,branhma01,WAS,28.0,0.0,275.0,43.0,91.0,14.0,37.0,28.0,34.0,12.0,32.0,44.0,23.0,10.0,3.0,15.0,21.0,128.0
Killian Hayes,hayeski01,SAC,23.0,3.0,406.0,42.0,138.0,17.0,63.0,26.0,28.0,4.0,50.0,54.0,81.0,21.0,4.0,28.0,36.0,127.0
Isaiah Jackson,jacksis01,LAC,17.0,0.0,270.0,55.0,72.0,0.0,2.0,17.0,31.0,27.0,52.0,79.0,21.0,10.0,20.0,15.0,39.0,127.0
Jevon Carter,carteje01,CHI,23.0,0.0,254.0,41.0,103.0,32.0,78.0,10.0,10.0,5.0,21.0,26.0,19.0,13.0,2.0,11.0,19.0,124.0
Malachi Smith,smithma02,BRK,15.0,4.0,359.0,48.0,99.0,20.0,46.0,8.0,8.0,12.0,39.0,51.0,49.0,12.0,4.0,14.0,13.0,124.0
Dorian Finney-Smith,finnedo01,HOU,37.0,1.0,620.0,44.0,132.0,27.0,100.0,8.0,9.0,35.0,58.0,93.0,36.0,16.0,6.0,22.0,61.0,123.0
Ron Harper Jr.,harpero02,BOS,29.0,3.0,318.0,46.0,110.0,28.0,80.0,3.0,4.0,15.0,33.0,48.0,22.0,10.0,9.0,8.0,20.0,123.0
Bronny James,jamesbr02,LAL,42.0,1.0,375.0,47.0,115.0,22.0,57.0,6.0,7.0,5.0,18.0,23.0,51.0,19.0,4.0,25.0,28.0,122.0
Bez Mbeng,mbengbe01,UTA,15.0,5.0,492.0,50.0,100.0,6.0,31.0,16.0,25.0,18.0,39.0,57.0,62.0,34.0,5.0,22.0,46.0,122.0
Rob Dillingham,dilliro01,MIN,35.0,0.0,326.0,47.0,141.0,12.0,33.0,15.0,20.0,5.0,36.0,41.0,58.0,19.0,3.0,36.0,36.0,121.0
Dalen Terry,terryda01,CHI,34.0,0.0,377.0,45.0,102.0,19.0,46.0,9.0,17.0,19.0,45.0,64.0,43.0,22.0,11.0,21.0,33.0,118.0
Ariel Hukporti,hukpoar01,NYK,54.0,5.0,498.0,45.0,80.0,1.0,4.0,26.0,33.0,56.0,103.0,159.0,29.0,9.0,26.0,32.0,67.0,117.0
John Poulakidas,poulajo01,DAL,13.0,0.0,253.0,39.0,91.0,31.0,77.0,6.0,7.0,4.0,26.0,30.0,11.0,7.0,4.0,4.0,28.0,115.0
Jeremy Sochan,sochaje01,SAS,28.0,0.0,358.0,47.0,99.0,9.0,35.0,11.0,16.0,26.0,47.0,73.0,28.0,10.0,5.0,18.0,50.0,114.0
Scotty Pippen Jr.,pippesc02,MEM,10.0,6.0,212.0,43.0,96.0,10.0,32.0,18.0,23.0,8.0,14.0,22.0,47.0,19.0,4.0,27.0,31.0,114.0
Andre Jackson Jr.,jacksan01,MIL,48.0,1.0,408.0,39.0,119.0,15.0,60.0,20.0,32.0,25.0,47.0,72.0,43.0,19.0,4.0,31.0,43.0,113.0
Guerschon Yabusele,yabusgu01,NYK,41.0,0.0,366.0,42.0,107.0,20.0,68.0,8.0,12.0,24.0,63.0,87.0,18.0,6.0,5.0,15.0,36.0,112.0
Nate Williams,willije02,GSW,14.0,2.0,239.0,43.0,88.0,13.0,30.0,13.0,15.0,20.0,10.0,30.0,14.0,5.0,0.0,15.0,26.0,112.0
Pat Connaughton,connapa01,CHO,42.0,0.0,297.0,38.0,85.0,21.0,52.0,13.0,20.0,15.0,46.0,61.0,18.0,11.0,1.0,11.0,9.0,110.0
Leaky Black,blackle01,WAS,15.0,9.0,433.0,40.0,103.0,19.0,55.0,7.0,8.0,15.0,60.0,75.0,22.0,18.0,8.0,14.0,40.0,106.0
A.J. Lawson,lawsoaj01,TOR,24.0,0.0,226.0,34.0,78.0,19.0,45.0,14.0,18.0,9.0,34.0,43.0,7.0,12.0,4.0,6.0,27.0,101.0
Jeremiah Robinson-Earl,robinje02,2TM,22.0,3.0,361.0,37.0,100.0,10.0,41.0,17.0,18.0,36.0,67.0,103.0,15.0,9.0,1.0,12.0,26.0,101.0
Kobe Brown,brownko01,LAC,34.0,0.0,295.0,33.0,84.0,13.0,49.0,21.0,26.0,18.0,35.0,53.0,27.0,9.0,2.0,15.0,16.0,100.0
Ousmane Dieng,diengou01,OKC,27.0,0.0,295.0,38.0,91.0,18.0,49.0,6.0,6.0,8.0,34.0,42.0,28.0,2.0,7.0,8.0,22.0,100.0
Julian Phillips,phillju01,CHI,35.0,2.0,334.0,37.0,88.0,16.0,49.0,9.0,11.0,22.0,22.0,44.0,7.0,17.0,6.0,7.0,33.0,99.0
Dariq Whitehead,whiteda01,MEM,6.0,2.0,183.0,37.0,93.0,19.0,60.0,5.0,7.0,2.0,22.0,24.0,9.0,4.0,0.0,10.0,13.0,98.0
Zach Collins,colliza01,CHI,10.0,0.0,184.0,37.0,64.0,9.0,21.0,14.0,20.0,16.0,40.0,56.0,15.0,2.0,4.0,10.0,18.0,97.0
Yang Hansen,yangha01,POR,43.0,1.0,300.0,31.0,100.0,5.0,42.0,28.0,34.0,20.0,46.0,66.0,22.0,3.0,10.0,32.0,43.0,95.0
Lindy Waters III,waterli01,SAS,40.0,0.0,285.0,33.0,88.0,27.0,79.0,2.0,3.0,3.0,26.0,29.0,19.0,6.0,1.0,7.0,24.0,95.0
John Konchar,konchjo01,MEM,30.0,1.0,435.0,37.0,71.0,13.0,39.0,8.0,13.0,20.0,72.0,92.0,40.0,31.0,13.0,14.0,30.0,95.0
MarJon Beauchamp,beaucma01,PHI,14.0,1.0,196.0,33.0,76.0,16.0,47.0,13.0,19.0,7.0,25.0,32.0,15.0,9.0,4.0,13.0,13.0,95.0
Jalen Slawson,slawsja01,IND,13.0,6.0,311.0,34.0,77.0,15.0,40.0,12.0,17.0,7.0,50.0,57.0,36.0,20.0,14.0,17.0,27.0,95.0
Duop Reath,reathdu01,POR,32.0,0.0,258.0,33.0,74.0,23.0,55.0,5.0,6.0,10.0,28.0,38.0,10.0,5.0,8.0,7.0,28.0,94.0
DaRon Holmes,holmeda01,DEN,25.0,6.0,210.0,31.0,61.0,20.0,45.0,11.0,14.0,8.0,27.0,35.0,16.0,1.0,6.0,12.0,19.0,93.0
Gabe Vincent,vincega01,ATL,24.0,0.0,320.0,31.0,86.0,21.0,70.0,10.0,12.0,10.0,17.0,27.0,39.0,13.0,2.0,15.0,26.0,93.0
Drew Timme,timmedr01,LAL,27.0,1.0,235.0,38.0,66.0,11.0,25.0,5.0,9.0,10.0,23.0,33.0,23.0,6.0,0.0,13.0,20.0,92.0
KJ Simpson,simpskj01,2TM,20.0,2.0,257.0,34.0,99.0,12.0,40.0,11.0,18.0,9.0,28.0,37.0,43.0,16.0,0.0,25.0,18.0,91.0
Anfernee Simons,simonan01,CHI,6.0,5.0,170.0,35.0,80.0,16.0,50.0,5.0,5.0,5.0,12.0,17.0,18.0,0.0,2.0,13.0,12.0,91.0
AJ Johnson,johnsaj01,DAL,23.0,0.0,240.0,30.0,93.0,5.0,32.0,25.0,28.0,6.0,18.0,24.0,25.0,4.0,3.0,12.0,15.0,90.0
Jordan McLaughlin,mclaujo01,SAS,44.0,0.0,282.0,33.0,79.0,17.0,40.0,6.0,7.0,7.0,25.0,32.0,38.0,20.0,2.0,15.0,11.0,89.0
Lachlan Olbrich,olbrila01,CHI,37.0,2.0,344.0,36.0,77.0,2.0,19.0,15.0,40.0,45.0,67.0,112.0,42.0,12.0,8.0,16.0,49.0,89.0
Nick Richards,richani01,PHO,28.0,2.0,254.0,35.0,71.0,0.0,0.0,19.0,28.0,35.0,56.0,91.0,8.0,4.0,14.0,25.0,39.0,89.0
DeJon Jarreau,jarrede01,MEM,11.0,0.0,231.0,33.0,83.0,4.0,30.0,18.0,23.0,12.0,39.0,51.0,36.0,10.0,8.0,26.0,28.0,88.0
Kyle Anderson,anderky01,MIN,19.0,2.0,363.0,35.0,74.0,0.0,5.0,17.0,22.0,20.0,50.0,70.0,62.0,16.0,12.0,15.0,38.0,87.0
Maxi Kleber,klebima01,LAL,43.0,1.0,461.0,33.0,73.0,6.0,26.0,14.0,26.0,36.0,48.0,84.0,27.0,18.0,11.0,17.0,60.0,86.0
PJ Hall,hallpj01,2TM,19.0,2.0,214.0,30.0,59.0,3.0,5.0,23.0,29.0,33.0,42.0,75.0,10.0,3.0,10.0,16.0,22.0,86.0
KJ Simpson,simpskj01,CHO,14.0,2.0,223.0,31.0,89.0,12.0,39.0,10.0,16.0,5.0,24.0,29.0,35.0,15.0,0.0,24.0,14.0,84.0
Malevy Leons,leonsma01,GSW,25.0,2.0,276.0,32.0,72.0,4.0,16.0,15.0,19.0,30.0,23.0,53.0,23.0,14.0,9.0,13.0,31.0,83.0
Adama-Alpha Bal,balad01,MEM,8.0,1.0,241.0,28.0,68.0,18.0,44.0,9.0,10.0,6.0,19.0,25.0,19.0,9.0,1.0,6.0,27.0,83.0
Chaz Lanier,laniech01,DET,34.0,0.0,262.0,28.0,89.0,19.0,67.0,5.0,6.0,8.0,15.0,23.0,17.0,7.0,0.0,3.0,12.0,80.0
Jeremiah Robinson-Earl,robinje02,IND,17.0,3.0,300.0,29.0,83.0,8.0,33.0,13.0,14.0,32.0,56.0,88.0,12.0,7.0,1.0,10.0,23.0,79.0
Garrison Mathews,mathega01,IND,15.0,1.0,196.0,21.0,52.0,17.0,46.0,19.0,23.0,2.0,15.0,17.0,10.0,6.0,3.0,3.0,19.0,78.0
Amir Coffey,coffeam01,PHO,16.0,1.0,225.0,29.0,58.0,10.0,24.0,9.0,13.0,13.0,18.0,31.0,16.0,6.0,2.0,5.0,16.0,77.0
Charles Bassey,bassech01,4TM,13.0,0.0,153.0,31.0,47.0,0.0,0.0,14.0,20.0,23.0,34.0,57.0,7.0,4.0,11.0,6.0,19.0,76.0
Trae Young,youngtr01,WAS,5.0,5.0,104.0,25.0,42.0,9.0,21.0,17.0,24.0,4.0,11.0,15.0,31.0,3.0,1.0,13.0,13.0,76.0
RayJ Dennis,dennira01,3TM,17.0,0.0,206.0,26.0,83.0,14.0,45.0,8.0,9.0,8.0,18.0,26.0,33.0,4.0,4.0,17.0,21.0,74.0
Christian Koloko,kolokch01,3TM,27.0,4.0,357.0,31.0,74.0,1.0,9.0,10.0,15.0,31.0,50.0,81.0,18.0,14.0,23.0,16.0,48.0,73.0
PJ Hall,hallpj01,CHO,12.0,2.0,187.0,25.0,50.0,2.0,2.0,21.0,26.0,30.0,36.0,66.0,8.0,3.0,8.0,15.0,19.0,73.0
Lucas Williamson,willilu01,MEM,7.0,2.0,224.0,25.0,75.0,15.0,53.0,8.0,8.0,11.0,27.0,38.0,18.0,11.0,1.0,10.0,26.0,73.0
Amir Coffey,coffeam01,MIL,30.0,2.0,265.0,26.0,55.0,7.0,25.0,13.0,15.0,6.0,20.0,26.0,11.0,3.0,3.0,4.0,14.0,72.0
Walker Kessler,kesslwa01,UTA,5.0,5.0,154.0,26.0,37.0,6.0,8.0,14.0,20.0,23.0,31.0,54.0,15.0,7.0,9.0,16.0,22.0,72.0
Chris Youngblood,youngch01,2TM,34.0,0.0,185.0,22.0,63.0,18.0,54.0,9.0,10.0,7.0,21.0,28.0,12.0,4.0,3.0,2.0,22.0,71.0
Seth Curry,curryse01,GSW,10.0,0.0,133.0,24.0,49.0,12.0,25.0,11.0,12.0,4.0,8.0,12.0,10.0,3.0,0.0,2.0,7.0,71.0
AJ Johnson,johnsaj01,WAS,25.0,0.0,214.0,27.0,83.0,7.0,25.0,9.0,12.0,8.0,23.0,31.0,22.0,7.0,0.0,18.0,15.0,70.0
JD Davison,davisjd01,HOU,28.0,0.0,218.0,24.0,64.0,8.0,32.0,13.0,19.0,3.0,31.0,34.0,35.0,6.0,6.0,7.0,17.0,69.0
Brooks Barnhizer,barnhbr01,OKC,40.0,0.0,348.0,27.0,71.0,7.0,24.0,7.0,10.0,19.0,59.0,78.0,22.0,11.0,5.0,10.0,27.0,68.0
Jeff Green,greenje02,HOU,30.0,0.0,175.0,25.0,68.0,12.0,44.0,5.0,5.0,7.0,18.0,25.0,8.0,2.0,2.0,4.0,12.0,67.0
Mac McClung,mccluma01,2TM,11.0,0.0,135.0,23.0,59.0,7.0,30.0,14.0,18.0,2.0,8.0,10.0,10.0,11.0,3.0,9.0,19.0,67.0
Jaren Jackson Jr.,jacksja02,UTA,3.0,3.0,72.0,24.0,49.0,5.0,15.0,14.0,16.0,1.0,12.0,13.0,8.0,6.0,1.0,7.0,9.0,67.0
Isaiah Livers,liveris01,PHO,36.0,0.0,347.0,22.0,64.0,12.0,40.0,9.0,12.0,19.0,42.0,61.0,21.0,13.0,8.0,12.0,28.0,65.0
Chris Youngblood,youngch01,OKC,32.0,0.0,174.0,20.0,60.0,16.0,51.0,9.0,10.0,7.0,21.0,28.0,11.0,4.0,3.0,2.0,20.0,65.0
RayJ Dennis,dennira01,IND,13.0,0.0,168.0,22.0,72.0,12.0,38.0,8.0,9.0,8.0,13.0,21.0,26.0,3.0,4.0,14.0,16.0,64.0
Yuki Kawamura,kawamyu01,CHI,18.0,0.0,209.0,17.0,52.0,11.0,37.0,17.0,19.0,7.0,26.0,33.0,47.0,9.0,0.0,14.0,15.0,62.0
Jonathan Mogbo,mogbojo01,TOR,40.0,0.0,249.0,26.0,44.0,0.0,1.0,9.0,14.0,19.0,49.0,68.0,25.0,11.0,8.0,14.0,26.0,61.0
Toby Okani,okanito01,MEM,6.0,4.0,217.0,25.0,70.0,9.0,31.0,1.0,8.0,9.0,12.0,21.0,6.0,4.0,3.0,3.0,20.0,60.0
Kevon Looney,looneke01,NOP,21.0,8.0,308.0,25.0,60.0,2.0,13.0,7.0,10.0,48.0,70.0,118.0,34.0,9.0,10.0,9.0,34.0,59.0
Dalen Terry,terryda01,PHI,14.0,0.0,174.0,23.0,53.0,5.0,20.0,7.0,13.0,7.0,15.0,22.0,23.0,7.0,4.0,5.0,16.0,58.0
Ivica Zubac,zubaciv01,IND,5.0,5.0,118.0,25.0,53.0,0.0,0.0,8.0,10.0,14.0,22.0,36.0,9.0,2.0,4.0,4.0,8.0,58.0
Tolu Smith,smithto05,DET,15.0,0.0,137.0,18.0,36.0,0.0,0.0,20.0,30.0,22.0,27.0,49.0,13.0,2.0,6.0,7.0,23.0,56.0
Tyler Smith,smithty02,DAL,12.0,0.0,166.0,21.0,50.0,10.0,35.0,4.0,6.0,12.0,21.0,33.0,5.0,6.0,0.0,6.0,13.0,56.0
DeAndre Jordan,jordade01,NOP,12.0,7.0,199.0,21.0,32.0,0.0,0.0,11.0,17.0,26.0,50.0,76.0,11.0,4.0,10.0,9.0,16.0,53.0
Charles Bassey,bassech01,GSW,5.0,0.0,100.0,21.0,31.0,0.0,0.0,11.0,13.0,12.0,24.0,36.0,5.0,2.0,7.0,4.0,11.0,53.0
Nikola Topić,topicni01,OKC,10.0,2.0,160.0,22.0,51.0,6.0,15.0,2.0,5.0,7.0,12.0,19.0,44.0,5.0,0.0,25.0,13.0,52.0
Alijah Martin,martial01,TOR,23.0,0.0,146.0,16.0,50.0,4.0,21.0,15.0,19.0,9.0,12.0,21.0,12.0,8.0,4.0,8.0,12.0,51.0
Kevin McCullar Jr.,mcculke01,NYK,21.0,0.0,155.0,20.0,47.0,8.0,24.0,2.0,5.0,11.0,17.0,28.0,20.0,9.0,0.0,12.0,22.0,50.0
Bradley Beal,bealbr01,LAC,6.0,6.0,121.0,18.0,48.0,7.0,19.0,6.0,8.0,2.0,3.0,5.0,10.0,3.0,0.0,9.0,14.0,49.0
Pacôme Dadiet,dadiepa01,NYK,29.0,0.0,136.0,16.0,48.0,7.0,32.0,9.0,11.0,4.0,23.0,27.0,12.0,3.0,1.0,3.0,8.0,48.0
Mac McClung,mccluma01,CHI,8.0,0.0,101.0,16.0,41.0,5.0,20.0,11.0,14.0,2.0,4.0,6.0,9.0,6.0,2.0,7.0,13.0,48.0
Tre Scott,scotttr01,BRK,6.0,4.0,182.0,19.0,50.0,6.0,19.0,4.0,6.0,10.0,21.0,31.0,10.0,8.0,5.0,4.0,12.0,48.0
Thanasis Antetokounmpo,antetth01,MIL,34.0,0.0,148.0,15.0,32.0,0.0,4.0,17.0,30.0,12.0,18.0,30.0,15.0,13.0,6.0,10.0,18.0,47.0
Adou Thiero,thierad01,LAL,25.0,0.0,149.0,16.0,31.0,1.0,3.0,14.0,22.0,9.0,19.0,28.0,10.0,7.0,2.0,9.0,19.0,47.0
Chris Paul,paulch01,LAC,16.0,0.0,228.0,18.0,56.0,10.0,30.0,1.0,2.0,6.0,22.0,28.0,53.0,11.0,0.0,16.0,23.0,47.0
Trey Alexander,alexatr01,NOP,9.0,0.0,111.0,19.0,37.0,6.0,12.0,3.0,5.0,1.0,10.0,11.0,9.0,6.0,2.0,3.0,13.0,47.0
Hunter Tyson,tysonhu01,DEN,21.0,2.0,162.0,14.0,52.0,7.0,33.0,11.0,13.0,4.0,32.0,36.0,17.0,2.0,1.0,5.0,13.0,46.0
Kobe Bufkin,bufkiko01,LAL,16.0,1.0,119.0,15.0,50.0,5.0,26.0,11.0,12.0,1.0,12.0,13.0,10.0,2.0,3.0,5.0,9.0,46.0
Jaden Ivey,iveyja01,CHI,4.0,3.0,115.0,15.0,36.0,8.0,21.0,8.0,9.0,5.0,14.0,19.0,16.0,8.0,2.0,6.0,9.0,46.0
Koby Brea,breako01,PHO,12.0,0.0,84.0,15.0,36.0,13.0,30.0,2.0,2.0,1.0,7.0,8.0,10.0,1.0,0.0,4.0,6.0,45.0
Xavier Tillman Sr.,tillmxa01,2TM,30.0,1.0,183.0,20.0,46.0,3.0,18.0,1.0,4.0,19.0,24.0,43.0,13.0,9.0,5.0,8.0,15.0,44.0
Leonard Miller,millele01,MIN,19.0,0.0,95.0,18.0,33.0,1.0,12.0,7.0,11.0,7.0,18.0,25.0,5.0,4.0,0.0,9.0,12.0,44.0
Jeremy Sochan,sochaje01,NYK,16.0,0.0,111.0,17.0,30.0,2.0,10.0,8.0,10.0,11.0,23.0,34.0,12.0,7.0,2.0,3.0,12.0,44.0
Christian Koloko,kolokch01,ATL,14.0,2.0,156.0,17.0,39.0,1.0,8.0,9.0,11.0,12.0,24.0,36.0,8.0,4.0,10.0,9.0,27.0,44.0
Alondes Williams,willial06,WAS,4.0,0.0,101.0,16.0,26.0,5.0,14.0,7.0,8.0,5.0,20.0,25.0,12.0,3.0,3.0,5.0,4.0,44.0
Johnny Juzang,juzanjo01,MIN,21.0,0.0,88.0,16.0,38.0,6.0,24.0,5.0,8.0,5.0,12.0,17.0,6.0,2.0,1.0,5.0,3.0,43.0
Miles Kelly,kellymi02,DAL,14.0,0.0,134.0,16.0,44.0,10.0,33.0,1.0,1.0,5.0,19.0,24.0,12.0,4.0,1.0,6.0,12.0,43.0
Caleb Houstan,houstca01,ATL,18.0,0.0,75.0,14.0,26.0,11.0,21.0,3.0,3.0,5.0,6.0,11.0,4.0,2.0,1.0,4.0,11.0,42.0
Joe Ingles,inglejo01,MIN,27.0,2.0,153.0,16.0,27.0,7.0,16.0,2.0,2.0,0.0,19.0,19.0,34.0,9.0,2.0,14.0,9.0,41.0
Julian Phillips,phillju01,MIN,13.0,0.0,94.0,14.0,33.0,4.0,16.0,9.0,12.0,1.0,4.0,5.0,3.0,5.0,1.0,4.0,10.0,41.0
David Roddy,roddyda01,DEN,5.0,0.0,73.0,15.0,30.0,3.0,11.0,7.0,7.0,8.0,12.0,20.0,4.0,4.0,1.0,2.0,7.0,40.0
Haywood Highsmith,highsha01,PHO,7.0,0.0,91.0,12.0,23.0,8.0,14.0,6.0,7.0,6.0,7.0,13.0,7.0,4.0,0.0,0.0,9.0,38.0
Tristan Enaruna,enarutr01,CLE,9.0,0.0,85.0,14.0,28.0,3.0,10.0,6.0,8.0,7.0,7.0,14.0,7.0,5.0,0.0,3.0,3.0,37.0
Kyle Anderson,anderky01,MEM,4.0,3.0,89.0,15.0,19.0,1.0,1.0,6.0,8.0,3.0,11.0,14.0,3.0,6.0,4.0,7.0,12.0,37.0
Buddy Hield,hieldbu01,ATL,7.0,0.0,51.0,13.0,27.0,7.0,17.0,3.0,3.0,1.0,7.0,8.0,5.0,2.0,0.0,6.0,1.0,36.0
Riley Minix,minixri01,2TM,9.0,0.0,58.0,14.0,23.0,4.0,12.0,3.0,3.0,2.0,4.0,6.0,5.0,2.0,1.0,3.0,5.0,35.0
Payton Sandfort,sandfpa01,OKC,4.0,0.0,63.0,13.0,26.0,7.0,17.0,2.0,4.0,1.0,9.0,10.0,0.0,1.0,0.0,1.0,8.0,35.0
Nigel Hayes-Davis,hayesni01,PHO,27.0,0.0,195.0,15.0,46.0,2.0,16.0,2.0,4.0,12.0,21.0,33.0,7.0,8.0,2.0,8.0,16.0,34.0
Taj Gibson,gibsota01,MEM,10.0,1.0,97.0,12.0,26.0,3.0,6.0,7.0,8.0,11.0,16.0,27.0,6.0,2.0,1.0,1.0,14.0,34.0
Omer Yurtseven,yurtsom01,GSW,9.0,0.0,104.0,11.0,26.0,0.0,4.0,12.0,18.0,13.0,17.0,30.0,8.0,2.0,1.0,9.0,15.0,34.0
Patrick Baldwin Jr.,baldwpa01,3TM,9.0,1.0,102.0,11.0,27.0,6.0,14.0,5.0,7.0,12.0,11.0,23.0,5.0,3.0,5.0,5.0,15.0,33.0
Eric Gordon,gordoer01,PHI,6.0,0.0,74.0,12.0,21.0,8.0,14.0,1.0,2.0,1.0,1.0,2.0,3.0,4.0,1.0,3.0,3.0,33.0
David Jones García,jonesda06,SAS,11.0,0.0,68.0,13.0,25.0,3.0,5.0,3.0,6.0,4.0,9.0,13.0,18.0,6.0,1.0,5.0,6.0,32.0
Mason Plumlee,plumlma01,2TM,20.0,3.0,172.0,11.0,14.0,0.0,0.0,9.0,14.0,17.0,36.0,53.0,20.0,10.0,0.0,12.0,17.0,31.0
Trayce Jackson-Davis,jackstr02,TOR,17.0,0.0,85.0,11.0,22.0,0.0,0.0,9.0,22.0,19.0,14.0,33.0,7.0,4.0,5.0,4.0,5.0,31.0
Xavier Tillman Sr.,tillmxa01,BOS,14.0,1.0,111.0,14.0,31.0,3.0,15.0,0.0,0.0,10.0,15.0,25.0,5.0,6.0,2.0,5.0,9.0,31.0
Tyus Jones,jonesty01,DAL,8.0,2.0,133.0,13.0,34.0,4.0,19.0,1.0,2.0,1.0,8.0,9.0,30.0,3.0,0.0,5.0,5.0,31.0
DaQuan Jeffries,jeffrda01,SAC,3.0,0.0,60.0,11.0,19.0,4.0,9.0,5.0,5.0,3.0,2.0,5.0,1.0,2.0,0.0,0.0,9.0,31.0
Amari Williams,william01,BOS,22.0,2.0,146.0,10.0,20.0,0.0,0.0,10.0,14.0,9.0,31.0,40.0,10.0,3.0,10.0,11.0,19.0,30.0
Dereck Lively II,livelde01,DAL,7.0,4.0,115.0,11.0,18.0,0.0,0.0,8.0,10.0,14.0,23.0,37.0,13.0,4.0,11.0,10.0,21.0,30.0
Christian Koloko,kolokch01,MEM,11.0,2.0,195.0,14.0,35.0,0.0,1.0,1.0,4.0,19.0,25.0,44.0,10.0,10.0,13.0,7.0,20.0,29.0
Curtis Jones,jonescu01,DEN,10.0,0.0,88.0,11.0,27.0,6.0,18.0,1.0,2.0,2.0,9.0,11.0,10.0,4.0,0.0,2.0,6.0,29.0
Isaiah Crawford,crawfis01,HOU,14.0,0.0,92.0,10.0,24.0,3.0,13.0,5.0,6.0,3.0,13.0,16.0,5.0,2.0,3.0,4.0,4.0,28.0
Luke Travers,travelu01,CLE,12.0,0.0,103.0,9.0,36.0,1.0,16.0,9.0,9.0,9.0,15.0,24.0,9.0,7.0,4.0,3.0,6.0,28.0
Vince Williams Jr.,willivi01,UTA,6.0,0.0,84.0,10.0,28.0,6.0,18.0,2.0,4.0,5.0,14.0,19.0,16.0,2.0,2.0,7.0,9.0,28.0
Antonio Reeves,reevean01,CHO,10.0,0.0,68.0,10.0,20.0,7.0,13.0,0.0,0.0,2.0,6.0,8.0,3.0,1.0,0.0,1.0,3.0,27.0
Mason Plumlee,plumlma01,CHO,14.0,2.0,125.0,9.0,12.0,0.0,0.0,8.0,12.0,10.0,30.0,40.0,16.0,6.0,0.0,9.0,10.0,26.0
Riley Minix,minixri01,CLE,6.0,0.0,50.0,10.0,17.0,3.0,9.0,3.0,3.0,1.0,3.0,4.0,4.0,1.0,1.0,3.0,4.0,26.0
Andersson Garcia,garcian01,UTA,5.0,2.0,169.0,9.0,29.0,1.0,13.0,7.0,9.0,17.0,25.0,42.0,14.0,8.0,4.0,7.0,16.0,26.0
Jahmir Young,youngja05,MIA,14.0,0.0,58.0,10.0,25.0,3.0,9.0,2.0,2.0,2.0,2.0,4.0,9.0,1.0,0.0,3.0,7.0,25.0
Josh Oduro,odurojo01,NOP,3.0,1.0,82.0,11.0,17.0,0.0,2.0,3.0,6.0,11.0,12.0,23.0,4.0,0.0,0.0,2.0,14.0,25.0
Kadary Richmond,richmka01,WAS,3.0,0.0,67.0,10.0,16.0,2.0,4.0,3.0,3.0,1.0,9.0,10.0,8.0,8.0,1.0,2.0,2.0,25.0
Tyus Jones,jonesty01,DEN,11.0,2.0,92.0,9.0,26.0,6.0,16.0,0.0,1.0,2.0,12.0,14.0,13.0,1.0,0.0,6.0,1.0,24.0
Bismack Biyombo,biyombi01,SAS,25.0,1.0,141.0,9.0,15.0,0.0,0.0,5.0,7.0,5.0,21.0,26.0,5.0,4.0,2.0,8.0,27.0,23.0
Javonte Cooke,cookeja01,POR,19.0,0.0,94.0,9.0,41.0,3.0,23.0,2.0,2.0,4.0,15.0,19.0,7.0,6.0,0.0,9.0,6.0,23.0
Patrick Baldwin Jr.,baldwpa01,SAC,6.0,1.0,88.0,8.0,23.0,4.0,11.0,3.0,5.0,12.0,9.0,21.0,5.0,3.0,5.0,4.0,13.0,23.0
Zyon Pullin,pullizy01,MIN,5.0,0.0,43.0,9.0,13.0,1.0,3.0,4.0,4.0,1.0,2.0,3.0,9.0,1.0,0.0,3.0,6.0,23.0
Bobi Klintman,klintbo01,DET,12.0,0.0,71.0,9.0,27.0,4.0,13.0,0.0,3.0,5.0,14.0,19.0,6.0,3.0,0.0,6.0,11.0,22.0
Mark Sears,searsma01,MIL,7.0,0.0,26.0,6.0,13.0,4.0,8.0,6.0,8.0,1.0,1.0,2.0,2.0,0.0,0.0,4.0,4.0,22.0
Jeremiah Robinson-Earl,robinje02,DAL,5.0,0.0,61.0,8.0,17.0,2.0,8.0,4.0,4.0,4.0,11.0,15.0,3.0,2.0,0.0,2.0,3.0,22.0
TyTy Washington Jr.,washity02,LAC,16.0,0.0,88.0,9.0,19.0,3.0,8.0,0.0,0.0,1.0,5.0,6.0,17.0,6.0,3.0,3.0,7.0,21.0
Chris Boucher,bouchch01,BOS,9.0,0.0,94.0,8.0,25.0,2.0,15.0,3.0,4.0,2.0,16.0,18.0,3.0,5.0,7.0,1.0,17.0,21.0
Tyrese Martin,martity01,PHI,9.0,0.0,81.0,9.0,22.0,2.0,13.0,0.0,2.0,2.0,8.0,10.0,9.0,3.0,2.0,7.0,3.0,20.0
Alex Antetokounmpo,antetal01,MIL,6.0,0.0,21.0,3.0,8.0,2.0,7.0,11.0,15.0,2.0,4.0,6.0,1.0,0.0,1.0,1.0,1.0,19.0
Mac McClung,mccluma01,IND,3.0,0.0,34.0,7.0,18.0,2.0,10.0,3.0,4.0,0.0,4.0,4.0,1.0,5.0,1.0,2.0,6.0,19.0
Monte Morris,morrimo01,IND,6.0,0.0,65.0,7.0,20.0,2.0,8.0,2.0,4.0,1.0,6.0,7.0,9.0,1.0,1.0,2.0,3.0,18.0
Garrett Temple,templga01,TOR,22.0,0.0,73.0,4.0,15.0,3.0,12.0,6.0,9.0,1.0,8.0,9.0,9.0,4.0,2.0,7.0,6.0,17.0
Kyle Lowry,lowryky01,PHI,14.0,0.0,118.0,4.0,25.0,4.0,25.0,5.0,6.0,0.0,9.0,9.0,11.0,2.0,2.0,4.0,8.0,17.0
Norchad Omier,omierno01,LAC,6.0,0.0,24.0,7.0,10.0,0.0,1.0,3.0,3.0,4.0,3.0,7.0,2.0,1.0,0.0,0.0,4.0,17.0
Grant Nelson,nelsogr02,BRK,4.0,0.0,35.0,5.0,9.0,0.0,0.0,7.0,10.0,1.0,5.0,6.0,5.0,1.0,5.0,4.0,6.0,17.0
Keshon Gilbert,gilbeke01,2TM,4.0,0.0,74.0,5.0,12.0,0.0,3.0,7.0,7.0,2.0,3.0,5.0,12.0,3.0,4.0,8.0,5.0,17.0
Mouhamadou Gueye,gueyemo01,CHI,2.0,0.0,45.0,6.0,11.0,1.0,5.0,3.0,4.0,2.0,4.0,6.0,6.0,2.0,1.0,3.0,4.0,16.0
John Tonje,tonjejo01,BOS,6.0,0.0,42.0,4.0,14.0,3.0,10.0,4.0,4.0,0.0,6.0,6.0,2.0,2.0,0.0,0.0,5.0,15.0
Emanuel Miller,milleem01,CHI,5.0,0.0,33.0,6.0,13.0,2.0,6.0,1.0,2.0,1.0,2.0,3.0,4.0,2.0,0.0,0.0,2.0,15.0
De'Andre Hunter,huntede01,SAC,2.0,2.0,51.0,4.0,19.0,2.0,9.0,5.0,6.0,1.0,2.0,3.0,1.0,0.0,0.0,4.0,5.0,15.0
Charles Bassey,bassech01,BOS,5.0,0.0,17.0,6.0,7.0,0.0,0.0,2.0,4.0,4.0,2.0,6.0,0.0,1.0,2.0,1.0,3.0,14.0
Rocco Zikarsky,zikarro01,MIN,5.0,0.0,36.0,5.0,8.0,0.0,0.0,4.0,4.0,2.0,12.0,14.0,2.0,0.0,5.0,1.0,3.0,14.0
Olivier Sarr,sarrol01,CLE,4.0,0.0,39.0,5.0,7.0,2.0,3.0,2.0,5.0,2.0,9.0,11.0,5.0,2.0,3.0,2.0,9.0,14.0
Lawson Lovering,loverla01,MEM,2.0,1.0,49.0,6.0,10.0,0.0,0.0,2.0,5.0,6.0,9.0,15.0,3.0,3.0,1.0,2.0,7.0,14.0
Xavier Tillman Sr.,tillmxa01,CHO,16.0,0.0,72.0,6.0,15.0,0.0,3.0,1.0,4.0,9.0,9.0,18.0,8.0,3.0,3.0,3.0,6.0,13.0
Trey Jemison,jemistr01,NYK,13.0,0.0,82.0,6.0,10.0,0.0,0.0,1.0,1.0,8.0,10.0,18.0,5.0,1.0,2.0,10.0,11.0,13.0
PJ Hall,hallpj01,MEM,7.0,0.0,27.0,5.0,9.0,1.0,3.0,2.0,3.0,3.0,6.0,9.0,2.0,0.0,2.0,1.0,3.0,13.0
Sean Pedulla,pedulse01,LAC,7.0,0.0,31.0,5.0,15.0,3.0,10.0,0.0,0.0,0.0,3.0,3.0,5.0,0.0,0.0,1.0,4.0,13.0
Enrique Freeman,freemen01,MIN,4.0,0.0,37.0,4.0,8.0,2.0,4.0,3.0,4.0,2.0,8.0,10.0,2.0,2.0,3.0,2.0,5.0,13.0
James Wiseman,wisemja01,IND,4.0,1.0,58.0,6.0,10.0,0.0,0.0,1.0,2.0,5.0,3.0,8.0,3.0,0.0,1.0,5.0,10.0,13.0
Skal Labissière,labissk01,WAS,3.0,0.0,38.0,6.0,10.0,1.0,5.0,0.0,0.0,3.0,6.0,9.0,3.0,2.0,1.0,1.0,3.0,13.0
Dalano Banton,bantoda01,2TM,6.0,0.0,62.0,4.0,12.0,0.0,1.0,4.0,4.0,2.0,3.0,5.0,11.0,2.0,5.0,8.0,3.0,12.0
Hunter Dickinson,dickihu01,NOP,5.0,0.0,42.0,5.0,14.0,0.0,4.0,2.0,2.0,2.0,3.0,5.0,2.0,1.0,2.0,3.0,6.0,12.0
CJ Huntley,huntlcj01,PHO,4.0,0.0,40.0,6.0,11.0,0.0,3.0,0.0,0.0,2.0,3.0,5.0,2.0,1.0,0.0,0.0,2.0,12.0
Tristen Newton,newtotr01,HOU,1.0,0.0,12.0,4.0,9.0,2.0,5.0,2.0,3.0,2.0,1.0,3.0,0.0,1.0,0.0,0.0,0.0,12.0
Harrison Ingram,ingraha01,SAS,7.0,0.0,26.0,5.0,6.0,1.0,1.0,0.0,0.0,3.0,0.0,3.0,1.0,0.0,0.0,1.0,2.0,11.0
Tony Bradley,bradlto01,ATL,3.0,1.0,34.0,5.0,11.0,1.0,2.0,0.0,0.0,4.0,5.0,9.0,2.0,0.0,0.0,1.0,2.0,11.0
Keshon Gilbert,gilbeke01,ATL,1.0,0.0,26.0,4.0,8.0,0.0,1.0,3.0,3.0,0.0,0.0,0.0,9.0,1.0,0.0,2.0,2.0,11.0
Johni Broome,broomjo01,PHI,11.0,0.0,55.0,4.0,24.0,0.0,5.0,2.0,6.0,7.0,9.0,16.0,4.0,3.0,2.0,3.0,7.0,10.0
Wendell Moore Jr.,moorewe01,DET,6.0,0.0,60.0,4.0,7.0,0.0,1.0,2.0,2.0,1.0,5.0,6.0,4.0,2.0,2.0,1.0,3.0,10.0
Jayson Kent,kentja01,POR,5.0,0.0,22.0,4.0,7.0,1.0,4.0,1.0,1.0,0.0,5.0,5.0,0.0,1.0,1.0,0.0,1.0,10.0
Mo Bamba,bambamo01,2TM,4.0,0.0,44.0,5.0,11.0,0.0,0.0,0.0,0.0,10.0,12.0,22.0,1.0,0.0,3.0,2.0,6.0,10.0
RayJ Dennis,dennira01,ATL,3.0,0.0,34.0,4.0,11.0,2.0,7.0,0.0,0.0,0.0,3.0,3.0,7.0,1.0,0.0,2.0,5.0,10.0
Isaiah Stevens,steveis01,SAC,3.0,0.0,43.0,3.0,7.0,0.0,1.0,4.0,4.0,2.0,1.0,3.0,10.0,5.0,0.0,2.0,2.0,10.0
Patrick Baldwin Jr.,baldwpa01,LAC,2.0,0.0,12.0,3.0,4.0,2.0,3.0,2.0,2.0,0.0,1.0,1.0,0.0,0.0,0.0,1.0,2.0,10.0
Mo Bamba,bambamo01,UTA,2.0,0.0,38.0,5.0,9.0,0.0,0.0,0.0,0.0,9.0,11.0,20.0,1.0,0.0,2.0,2.0,4.0,10.0
Dillon Jones,jonesdi01,NYK,7.0,0.0,39.0,2.0,9.0,1.0,5.0,4.0,4.0,2.0,5.0,7.0,4.0,3.0,0.0,0.0,6.0,9.0
Isaac Jones,jonesis01,2TM,7.0,1.0,36.0,3.0,7.0,0.0,2.0,3.0,4.0,2.0,3.0,5.0,1.0,0.0,1.0,1.0,4.0,9.0
Riley Minix,minixri01,SAS,3.0,0.0,8.0,4.0,6.0,1.0,3.0,0.0,0.0,1.0,1.0,2.0,1.0,1.0,0.0,0.0,1.0,9.0
Chris Livingston,livinch01,CLE,3.0,0.0,17.0,4.0,7.0,0.0,3.0,1.0,1.0,0.0,3.0,3.0,1.0,1.0,0.0,0.0,4.0,9.0
Trevor Keels,keelstr01,MIA,8.0,0.0,15.0,3.0,12.0,2.0,9.0,0.0,0.0,0.0,2.0,2.0,0.0,1.0,0.0,0.0,0.0,8.0
Jacob Toppin,toppija01,ATL,5.0,0.0,17.0,4.0,6.0,0.0,0.0,0.0,0.0,0.0,1.0,1.0,1.0,0.0,1.0,0.0,1.0,8.0
Alex Morales,moralal01,ORL,4.0,0.0,24.0,3.0,7.0,0.0,1.0,2.0,2.0,1.0,2.0,3.0,4.0,0.0,0.0,4.0,7.0,8.0
Brandon Clarke,clarkbr01,MEM,2.0,2.0,20.0,3.0,9.0,0.0,0.0,2.0,4.0,4.0,2.0,6.0,1.0,2.0,0.0,0.0,5.0,8.0
Max Shulga,shulgma01,BOS,11.0,1.0,36.0,2.0,8.0,1.0,4.0,2.0,2.0,3.0,3.0,6.0,2.0,1.0,0.0,3.0,10.0,7.0
Vladislav Goldin,goldivl01,MIA,9.0,0.0,24.0,3.0,4.0,0.0,0.0,1.0,1.0,3.0,6.0,9.0,3.0,0.0,3.0,3.0,5.0,7.0
Chris Mañon,manonch01,LAL,9.0,0.0,46.0,2.0,6.0,0.0,3.0,3.0,4.0,2.0,8.0,10.0,3.0,5.0,2.0,1.0,6.0,7.0
Hunter Sallis,sallihu01,PHI,7.0,0.0,26.0,3.0,5.0,0.0,0.0,1.0,2.0,0.0,1.0,1.0,4.0,0.0,1.0,5.0,2.0,7.0
KJ Simpson,simpskj01,DEN,6.0,0.0,34.0,3.0,10.0,0.0,1.0,1.0,2.0,4.0,4.0,8.0,8.0,1.0,0.0,1.0,4.0,7.0
Cody Martin,martico01,IND,4.0,0.0,55.0,2.0,10.0,0.0,5.0,3.0,6.0,1.0,13.0,14.0,2.0,4.0,2.0,4.0,5.0,7.0
Orlando Robinson,robinor01,ORL,4.0,1.0,25.0,3.0,5.0,1.0,2.0,0.0,0.0,2.0,2.0,4.0,3.0,1.0,0.0,0.0,3.0,7.0
Charles Bassey,bassech01,MEM,2.0,0.0,31.0,3.0,8.0,0.0,0.0,1.0,3.0,7.0,8.0,15.0,2.0,1.0,1.0,1.0,5.0,7.0
Dalano Banton,bantoda01,BOS,4.0,0.0,52.0,1.0,8.0,0.0,1.0,4.0,4.0,1.0,3.0,4.0,9.0,1.0,5.0,7.0,3.0,6.0
Isaac Jones,jonesis01,DET,4.0,0.0,19.0,2.0,5.0,0.0,1.0,2.0,2.0,0.0,3.0,3.0,0.0,0.0,1.0,1.0,0.0,6.0
Buddy Boeheim,boehebu01,OKC,4.0,0.0,15.0,2.0,6.0,2.0,6.0,0.0,0.0,0.0,0.0,0.0,0.0,0.0,0.0,0.0,1.0,6.0
Keshon Gilbert,gilbeke01,WAS,3.0,0.0,48.0,1.0,4.0,0.0,2.0,4.0,4.0,2.0,3.0,5.0,3.0,2.0,4.0,6.0,3.0,6.0
Chris Youngblood,youngch01,POR,2.0,0.0,11.0,2.0,3.0,2.0,3.0,0.0,0.0,0.0,0.0,0.0,1.0,0.0,0.0,0.0,2.0,6.0
Dalano Banton,bantoda01,LAC,2.0,0.0,10.0,3.0,4.0,0.0,0.0,0.0,0.0,1.0,0.0,1.0,2.0,1.0,0.0,1.0,0.0,6.0
Hayden Gray,grayha01,UTA,1.0,0.0,25.0,2.0,3.0,0.0,1.0,2.0,2.0,0.0,0.0,0.0,1.0,1.0,1.0,1.0,0.0,6.0
Mason Plumlee,plumlma01,SAS,6.0,1.0,47.0,2.0,2.0,0.0,0.0,1.0,2.0,7.0,6.0,13.0,4.0,4.0,0.0,3.0,7.0,5.0
Drew Peterson,peterdr01,CHO,6.0,0.0,64.0,2.0,16.0,0.0,12.0,1.0,2.0,3.0,6.0,9.0,2.0,3.0,1.0,0.0,3.0,5.0
Dario Šarić,saricda01,SAC,5.0,0.0,41.0,1.0,6.0,1.0,3.0,2.0,2.0,1.0,5.0,6.0,2.0,0.0,0.0,2.0,3.0,5.0
Colin Castleton,castlco01,ORL,4.0,0.0,21.0,2.0,5.0,0.0,0.0,1.0,1.0,2.0,6.0,8.0,1.0,1.0,0.0,2.0,2.0,5.0
Markelle Fultz,fultzma01,TOR,5.0,0.0,36.0,2.0,11.0,0.0,0.0,0.0,0.0,0.0,1.0,1.0,8.0,2.0,0.0,4.0,2.0,4.0
Trentyn Flowers,flowetr01,CHI,2.0,0.0,6.0,2.0,3.0,0.0,1.0,0.0,0.0,1.0,0.0,1.0,1.0,0.0,0.0,1.0,1.0,4.0
N'Faly Dante,nfalyda01,ATL,4.0,0.0,15.0,1.0,4.0,0.0,0.0,1.0,1.0,3.0,4.0,7.0,0.0,2.0,0.0,1.0,1.0,3.0
Isaac Jones,jonesis01,SAC,3.0,1.0,17.0,1.0,2.0,0.0,1.0,1.0,2.0,2.0,0.0,2.0,1.0,0.0,0.0,0.0,4.0,3.0
Stanley Umude,umudest01,SAS,2.0,0.0,7.0,1.0,2.0,0.0,1.0,0.0,0.0,0.0,0.0,0.0,1.0,1.0,0.0,0.0,2.0,2.0
Charles Bassey,bassech01,PHI,1.0,0.0,5.0,1.0,1.0,0.0,0.0,0.0,0.0,0.0,0.0,0.0,0.0,0.0,1.0,0.0,0.0,2.0
Colby Jones,jonesco02,DET,1.0,0.0,7.0,1.0,3.0,0.0,2.0,0.0,0.0,0.0,4.0,4.0,2.0,0.0,0.0,0.0,1.0,2.0
Jahmyl Telfort,telfoja01,LAC,8.0,0.0,32.0,0.0,4.0,0.0,4.0,1.0,4.0,0.0,3.0,3.0,1.0,1.0,0.0,1.0,5.0,1.0
Tosan Evbuomwan,evbuoto01,NYK,5.0,0.0,8.0,0.0,1.0,0.0,0.0,0.0,0.0,1.0,1.0,2.0,0.0,0.0,0.0,0.0,1.0,0.0
Christian Koloko,kolokch01,LAL,2.0,0.0,6.0,0.0,0.0,0.0,0.0,0.0,0.0,0.0,1.0,1.0,0.0,0.0,0.0,0.0,1.0,0.0
Mo Bamba,bambamo01,TOR,2.0,0.0,6.0,0.0,2.0,0.0,0.0,0.0,0.0,1.0,1.0,2.0,0.0,0.0,1.0,0.0,2.0,0.0
Noa Essengue,essenno01,CHI,2.0,0.0,6.0,0.0,3.0,0.0,2.0,0.0,0.0,0.0,0.0,0.0,0.0,1.0,0.0,0.0,1.0,0.0
Chucky Hepburn,hepbuch01,TOR,2.0,0.0,13.0,0.0,6.0,0.0,5.0,0.0,0.0,0.0,1.0,1.0,2.0,1.0,0.0,1.0,2.0,0.0
RayJ Dennis,dennira01,LAC,1.0,0.0,4.0,0.0,0.0,0.0,0.0,0.0,0.0,0.0,2.0,2.0,0.0,0.0,0.0,1.0,0.0,0.0
Patrick Baldwin Jr.,baldwpa01,PHI,1.0,0.0,2.0,0.0,0.0,0.0,0.0,0.0,0.0,0.0,1.0,1.0,0.0,0.0,0.0,0.0,0.0,0.0
Darius Brown II,brownda04,CLE,1.0,0.0,3.0,0.0,1.0,0.0,0.0,0.0,0.0,0.0,1.0,1.0,0.0,0.0,0.0,0.0,0.0,0.0
League Average,,,,,,,,,,,,,,,,,,,,
