bbr_player_id,name,salary_usd,notes
durenja01,Jalen Duren,6483144,Carry-forward 2025-26 salary pending 2026-27 confirmation (rostered on ESPN)
mathube01,Bennedict Mathurin,9187573,Carry-forward 2025-26 salary pending 2026-27 confirmation (rostered on ESPN)
watsope01,Peyton Watson,4356476,Carry-forward 2025-26 salary pending 2026-27 confirmation (rostered on ESPN)
ryanco01,Cormac Ryan,1361969,Carry-forward 2025-26 salary pending 2026-27 confirmation (rostered on ESPN); floored to NBA minimum for draft cap
newtotr01,Tristen Newton,1361969,Carry-forward 2025-26 salary pending 2026-27 confirmation (rostered on ESPN); floored to NBA minimum for draft cap
hinsobl01,Blake Hinson,1361969,Carry-forward 2025-26 salary pending 2026-27 confirmation (rostered on ESPN); floored to NBA minimum for draft cap
reeseju01,Julian Reese,1361969,Carry-forward 2025-26 salary pending 2026-27 confirmation (rostered on ESPN); floored to NBA minimum for draft cap
smallja01,Javon Small,1361969,Carry-forward 2025-26 salary pending 2026-27 confirmation (rostered on ESPN); floored to NBA minimum for draft cap
jacksqu01,Quenton Jackson,1361969,Carry-forward 2025-26 salary pending 2026-27 confirmation (rostered on ESPN); floored to NBA minimum for draft cap
vukcetr01,Tristan Vukcevic,1361969,Carry-forward 2025-26 salary pending 2026-27 confirmation (rostered on ESPN); floored to NBA minimum for draft cap
poulajo01,John Poulakidas,1361969,Carry-forward 2025-26 salary pending 2026-27 confirmation (rostered on ESPN); floored to NBA minimum for draft cap
odurojo01,Josh Oduro,1361969,Carry-forward 2025-26 salary pending 2026-27 confirmation (rostered on ESPN); floored to NBA minimum for draft cap
johnsch06,Chaney Johnson,1361969,Carry-forward 2025-26 salary pending 2026-27 confirmation (rostered on ESPN); floored to NBA minimum for draft cap
cryerlj01,LJ Cryer,1361969,Carry-forward 2025-26 salary pending 2026-27 confirmation (rostered on ESPN); floored to NBA minimum for draft cap
coopesh01,Sharife Cooper,1361969,Carry-forward 2025-26 salary pending 2026-27 confirmation (rostered on ESPN); floored to NBA minimum for draft cap
roddyda01,David Roddy,1361969,Carry-forward 2025-26 salary pending 2026-27 confirmation (rostered on ESPN); floored to NBA minimum for draft cap
willije02,Nate Williams,1361969,Carry-forward 2025-26 salary pending 2026-27 confirmation (rostered on ESPN); floored to NBA minimum for draft cap
etienty01,Tyson Etienne,1361969,Carry-forward 2025-26 salary pending 2026-27 confirmation (rostered on ESPN); floored to NBA minimum for draft cap
tshieos01,Oscar Tshiebwe,1361969,Carry-forward 2025-26 salary pending 2026-27 confirmation (rostered on ESPN); floored to NBA minimum for draft cap
slawsja01,Jalen Slawson,1361969,Carry-forward 2025-26 salary pending 2026-27 confirmation (rostered on ESPN); floored to NBA minimum for draft cap
spencpa01,Pat Spencer,1361969,Carry-forward 2025-26 salary pending 2026-27 confirmation (rostered on ESPN); floored to NBA minimum for draft cap
thompet01,Ethan Thompson,1361969,Carry-forward 2025-26 salary pending 2026-27 confirmation (rostered on ESPN); floored to NBA minimum for draft cap
harklej01,Elijah Harkless,1361969,Carry-forward 2025-26 salary pending 2026-27 confirmation (rostered on ESPN); floored to NBA minimum for draft cap
wilsoja03,Jalen Wilson,2221677,Carry-forward 2025-26 salary pending 2026-27 confirmation (rostered on ESPN)
mashaja01,Jahmai Mashack,1361969,Carry-forward 2025-26 salary pending 2026-27 confirmation (rostered on ESPN); floored to NBA minimum for draft cap
mccluma01,Mac McClung,1361969,Carry-forward 2025-26 salary pending 2026-27 confirmation (rostered on ESPN); floored to NBA minimum for draft cap
yabusgu01,Guerschon Yabusele,5500000,Carry-forward 2025-26 salary pending 2026-27 confirmation (rostered on ESPN)
jonessp01,Spencer Jones,1361969,Carry-forward 2025-26 salary pending 2026-27 confirmation (rostered on ESPN); floored to NBA minimum for draft cap
cardwdy01,Dylan Cardwell,1361969,Carry-forward 2025-26 salary pending 2026-27 confirmation (rostered on ESPN); floored to NBA minimum for draft cap
alexatr01,Trey Alexander,1361969,Carry-forward 2025-26 salary pending 2026-27 confirmation (rostered on ESPN); floored to NBA minimum for draft cap
simpskj01,KJ Simpson,1361969,Carry-forward 2025-26 salary pending 2026-27 confirmation (rostered on ESPN); floored to NBA minimum for draft cap
pullizy01,Zyon Pullin,1361969,Carry-forward 2025-26 salary pending 2026-27 confirmation (rostered on ESPN); floored to NBA minimum for draft cap
cissemo01,Moussa Cisse,1361969,Carry-forward 2025-26 salary pending 2026-27 confirmation (rostered on ESPN); floored to NBA minimum for draft cap
hallpj01,PJ Hall,1361969,Carry-forward 2025-26 salary pending 2026-27 confirmation (rostered on ESPN); floored to NBA minimum for draft cap
dennira01,RayJ Dennis,1361969,Carry-forward 2025-26 salary pending 2026-27 confirmation (rostered on ESPN); floored to NBA minimum for draft cap
gilbeke01,Keshon Gilbert,1361969,Carry-forward 2025-26 salary pending 2026-27 confirmation (rostered on ESPN); floored to NBA minimum for draft cap
lawsoaj01,A.J. Lawson,1361969,Carry-forward 2025-26 salary pending 2026-27 confirmation (rostered on ESPN); floored to NBA minimum for draft cap
enarutr01,Tristan Enaruna,1361969,Carry-forward 2025-26 salary pending 2026-27 confirmation (rostered on ESPN); floored to NBA minimum for draft cap
minixri01,Riley Minix,1361969,Carry-forward 2025-26 salary pending 2026-27 confirmation (rostered on ESPN); floored to NBA minimum for draft cap
breako01,Koby Brea,1361969,Carry-forward 2025-26 salary pending 2026-27 confirmation (rostered on ESPN); floored to NBA minimum for draft cap
wallake01,Keaton Wallace,2296274,Carry-forward 2025-26 salary pending 2026-27 confirmation (rostered on ESPN)
sarrol01,Olivier Sarr,1361969,Carry-forward 2025-26 salary pending 2026-27 confirmation (rostered on ESPN); floored to NBA minimum for draft cap
gibsota01,Taj Gibson,1361969,Carry-forward 2025-26 salary pending 2026-27 confirmation (rostered on ESPN); floored to NBA minimum for draft cap
freemen01,Enrique Freeman,1361969,Carry-forward 2025-26 salary pending 2026-27 confirmation (rostered on ESPN); floored to NBA minimum for draft cap
leonsma01,Malevy Leons,1361969,Carry-forward 2025-26 salary pending 2026-27 confirmation (rostered on ESPN); floored to NBA minimum for draft cap
huntlcj01,CJ Huntley,1361969,Carry-forward 2025-26 salary pending 2026-27 confirmation (rostered on ESPN); floored to NBA minimum for draft cap
milleem01,Emanuel Miller,1361969,Carry-forward 2025-26 salary pending 2026-27 confirmation (rostered on ESPN); floored to NBA minimum for draft cap
jonesda06,David Jones García,1361969,Carry-forward 2025-26 salary pending 2026-27 confirmation (rostered on ESPN); floored to NBA minimum for draft cap
tateja01,Jae'Sean Tate,2296274,Carry-forward 2025-26 salary pending 2026-27 confirmation (rostered on ESPN)
zikarro01,Rocco Zikarsky,1361969,Carry-forward 2025-26 salary pending 2026-27 confirmation (rostered on ESPN); floored to NBA minimum for draft cap
kolokch01,Christian Koloko,1361969,Carry-forward 2025-26 salary pending 2026-27 confirmation (rostered on ESPN); floored to NBA minimum for draft cap
tonjejo01,John Tonje,1361969,Carry-forward 2025-26 salary pending 2026-27 confirmation (rostered on ESPN); floored to NBA minimum for draft cap
dickihu01,Hunter Dickinson,1361969,Carry-forward 2025-26 salary pending 2026-27 confirmation (rostered on ESPN); floored to NBA minimum for draft cap
mcculke01,Kevin McCullar Jr.,1361969,Carry-forward 2025-26 salary pending 2026-27 confirmation (rostered on ESPN); floored to NBA minimum for draft cap
youngch01,Chris Youngblood,1361969,Carry-forward 2025-26 salary pending 2026-27 confirmation (rostered on ESPN); floored to NBA minimum for draft cap
moralal01,Alex Morales,1361969,Carry-forward 2025-26 salary pending 2026-27 confirmation (rostered on ESPN); floored to NBA minimum for draft cap
crawfis01,Isaiah Crawford,1361969,Carry-forward 2025-26 salary pending 2026-27 confirmation (rostered on ESPN); floored to NBA minimum for draft cap
kentja01,Jayson Kent,1361969,Carry-forward 2025-26 salary pending 2026-27 confirmation (rostered on ESPN); floored to NBA minimum for draft cap
pedulse01,Sean Pedulla,1361969,Carry-forward 2025-26 salary pending 2026-27 confirmation (rostered on ESPN); floored to NBA minimum for draft cap
liveris01,Isaiah Livers,1361969,Carry-forward 2025-26 salary pending 2026-27 confirmation (rostered on ESPN); floored to NBA minimum for draft cap
barnhbr01,Brooks Barnhizer,1361969,Carry-forward 2025-26 salary pending 2026-27 confirmation (rostered on ESPN); floored to NBA minimum for draft cap
moorewe01,Wendell Moore Jr.,1361969,Carry-forward 2025-26 salary pending 2026-27 confirmation (rostered on ESPN); floored to NBA minimum for draft cap
ingraha01,Harrison Ingram,1361969,Carry-forward 2025-26 salary pending 2026-27 confirmation (rostered on ESPN); floored to NBA minimum for draft cap
castlco01,Colin Castleton,1361969,Carry-forward 2025-26 salary pending 2026-27 confirmation (rostered on ESPN); floored to NBA minimum for draft cap
jonesis01,Isaac Jones,1955377,Carry-forward 2025-26 salary pending 2026-27 confirmation (rostered on ESPN)
washity02,TyTy Washington Jr.,1361969,Carry-forward 2025-26 salary pending 2026-27 confirmation (rostered on ESPN); floored to NBA minimum for draft cap
keelstr01,Trevor Keels,1361969,Carry-forward 2025-26 salary pending 2026-27 confirmation (rostered on ESPN); floored to NBA minimum for draft cap
jemistr01,Trey Jemison,1361969,Carry-forward 2025-26 salary pending 2026-27 confirmation (rostered on ESPN); floored to NBA minimum for draft cap
manonch01,Chris Mañon,1361969,Carry-forward 2025-26 salary pending 2026-27 confirmation (rostered on ESPN); floored to NBA minimum for draft cap
goldivl01,Vladislav Goldin,1361969,Carry-forward 2025-26 salary pending 2026-27 confirmation (rostered on ESPN); floored to NBA minimum for draft cap
hepbuch01,Chucky Hepburn,1361969,Carry-forward 2025-26 salary pending 2026-27 confirmation (rostered on ESPN); floored to NBA minimum for draft cap
jamesle01,LeBron James,3876529,"2-year ~$8M vet min (player option Y2); 2026-27 year-1 $3,876,529"
thybuma01,Matisse Thybulle,3286399,"1-year vet min; 2026-27 $3,286,399"
greendr01,Draymond Green,27678571,1-year $27.7M return after declining player option
hardeja01,James Harden,33436574,CLE provisional 2026-27 draft salary (unsigned; prior PHI player option AAV) pending official deal
sochaje01,Jeremy Sochan,2449142,1-year non-guaranteed veteran minimum
walkelo01,Lonnie Walker IV,3286399,"1-year vet min $3,286,399 (training camp deal)"
paytoga02,Gary Payton II,3876529,1-year ~$3.9M return to GSW
houstca01,Caleb Houstan,2449142,1-year deal
